test_loss,accuracy,f1score,precision,recall,accuracy_per_0,accuracy_per_1,accuracy_per_2,accuracy_per_3,accuracy_per_4,accuracy_per_5,accuracy_per_6,accuracy_per_7,accuracy_per_8,accuracy_per_9,node_id,epoch
2.304505912640605,0.1,0.01818181818181818,0.01,0.1,0.0,0.0,0.0,0.0,0.0,0.0,0.0,1.0,0.0,0.0,0,0
2.304505912640605,0.1,0.01818181818181818,0.01,0.1,0.0,0.0,0.0,0.0,0.0,0.0,0.0,1.0,0.0,0.0,1,0
2.304505912640605,0.1,0.01818181818181818,0.01,0.1,0.0,0.0,0.0,0.0,0.0,0.0,0.0,1.0,0.0,0.0,2,0
2.304505912640605,0.1,0.01818181818181818,0.01,0.1,0.0,0.0,0.0,0.0,0.0,0.0,0.0,1.0,0.0,0.0,3,0
2.304505912640605,0.1,0.01818181818181818,0.01,0.1,0.0,0.0,0.0,0.0,0.0,0.0,0.0,1.0,0.0,0.0,4,0
2.304505912640605,0.1,0.01818181818181818,0.01,0.1,0.0,0.0,0.0,0.0,0.0,0.0,0.0,1.0,0.0,0.0,5,0
2.304505912640605,0.1,0.01818181818181818,0.01,0.1,0.0,0.0,0.0,0.0,0.0,0.0,0.0,1.0,0.0,0.0,6,0
2.304505912640605,0.1,0.01818181818181818,0.01,0.1,0.0,0.0,0.0,0.0,0.0,0.0,0.0,1.0,0.0,0.0,7,0
2.304505912640605,0.1,0.01818181818181818,0.01,0.1,0.0,0.0,0.0,0.0,0.0,0.0,0.0,1.0,0.0,0.0,8,0
2.304505912640605,0.1,0.01818181818181818,0.01,0.1,0.0,0.0,0.0,0.0,0.0,0.0,0.0,1.0,0.0,0.0,9,0
2.304505912640605,0.1,0.01818181818181818,0.01,0.1,0.0,0.0,0.0,0.0,0.0,0.0,0.0,1.0,0.0,0.0,10,0
2.304505912640605,0.1,0.01818181818181818,0.01,0.1,0.0,0.0,0.0,0.0,0.0,0.0,0.0,1.0,0.0,0.0,11,0
2.304505912640605,0.1,0.01818181818181818,0.01,0.1,0.0,0.0,0.0,0.0,0.0,0.0,0.0,1.0,0.0,0.0,12,0
2.304505912640605,0.1,0.01818181818181818,0.01,0.1,0.0,0.0,0.0,0.0,0.0,0.0,0.0,1.0,0.0,0.0,13,0
2.304505912640605,0.1,0.01818181818181818,0.01,0.1,0.0,0.0,0.0,0.0,0.0,0.0,0.0,1.0,0.0,0.0,14,0
3.8814060444268175,0.4606,0.3213506909092373,0.26409785406482433,0.4606,0.0,0.813,0.956,0.897,0.0,0.0,0.0,0.0,0.952,0.988,0,1
4.5763318843354055,0.3827,0.2727184702200275,0.29968846339052174,0.3827,0.0,0.782,0.989,0.163,0.0,0.0,0.0,0.0,0.927,0.966,1,1
3.3925115197611313,0.4573,0.3231714940207196,0.2658542172669254,0.45730000000000004,0.0,0.875,0.942,0.798,0.0,0.0,0.0,0.0,0.961,0.997,2,1
3.781681829367202,0.3629,0.2528783756893337,0.2111907251409842,0.36290000000000006,0.0,0.0,0.0,0.0,0.0,0.0,0.906,0.774,0.963,0.986,3,1
3.6118159278894004,0.3698,0.2668479982256718,0.22734993642538015,0.3698,0.0,0.0,0.0,0.0,0.056,0.0,0.93,0.794,0.944,0.974,4,1
3.772969199445682,0.3716,0.2661475947228405,0.23159378584097112,0.37160000000000004,0.0,0.0,0.0,0.0,0.0,0.0,0.979,0.935,0.894,0.908,5,1
3.6734523182859817,0.3753,0.27605988319296804,0.2780110437621296,0.3753,0.0,0.0,0.0,0.0,0.07,0.0,0.957,0.854,0.914,0.958,6,1
3.777560090104612,0.3702,0.26335605952521335,0.2251590297358527,0.37020000000000003,0.0,0.0,0.0,0.0,0.0,0.0,0.948,0.866,0.929,0.959,7,1
3.9662961411399964,0.3652,0.25539339317034254,0.21713503507531456,0.3652,0.0,0.0,0.0,0.0,0.005,0.0,0.893,0.815,0.968,0.971,8,1
3.7068773005336237,0.3634,0.2575213114050886,0.22210518997931308,0.3634,0.0,0.0,0.0,0.0,0.0,0.0,0.956,0.755,0.936,0.987,9,1
6.714949185855853,0.4147,0.2916860046789062,0.24476795582790692,0.4147,0.87,0.944,0.0,0.553,0.781,0.999,0.0,0.0,0.0,0.0,10,1
6.354628882088219,0.4106,0.29202178377786386,0.2533963876859713,0.41059999999999997,0.845,0.665,0.0,0.875,0.726,0.995,0.0,0.0,0.0,0.0,11,1
6.6873019282429365,0.4479,0.35665642968856437,0.3283524345916885,0.4478999999999999,0.864,0.904,0.646,0.641,0.426,0.998,0.0,0.0,0.0,0.0,12,1
6.48091658388083,0.4244,0.307418620933393,0.33486869177007145,0.4244,0.866,0.719,0.013,0.765,0.883,0.998,0.0,0.0,0.0,0.0,13,1
5.678512875645305,0.4261,0.31457654857488676,0.2812211886210817,0.42610000000000003,0.778,0.914,0.0,0.615,0.956,0.998,0.0,0.0,0.0,0.0,14,1
4.260623965400477,0.4635,0.32395493401747644,0.26530044820543297,0.46349999999999997,0.0,0.843,0.941,0.906,0.0,0.0,0.0,0.0,0.966,0.979,0,2
4.240438825406206,0.4658,0.3247799599348783,0.26302984546073815,0.46580000000000005,0.0,0.878,0.976,0.888,0.0,0.0,0.0,0.0,0.922,0.994,1,2
3.7125176496018235,0.4609,0.32062044730881084,0.2626650056981196,0.4609,0.0,0.828,0.931,0.877,0.0,0.0,0.0,0.0,0.975,0.998,2,2
4.040667157584486,0.3649,0.25271146815495354,0.20828113754546557,0.3649,0.0,0.0,0.0,0.0,0.0,0.0,0.89,0.815,0.97,0.974,3,2
3.8486881286572343,0.3998,0.29388830881530004,0.24359670143588136,0.3998,0.0,0.0,0.0,0.0,0.44,0.0,0.806,0.822,0.958,0.972,4,2
4.158716929987216,0.3734,0.2674191336882772,0.23230576403490857,0.3734,0.0,0.0,0.0,0.0,0.0,0.0,0.981,0.921,0.904,0.928,5,2
4.2522611869409825,0.4183,0.3094139375913018,0.2617134909183722,0.4183,0.0,0.0,0.0,0.0,0.886,0.0,0.587,0.821,0.914,0.975,6,2
4.1503214432408635,0.3929,0.2984438252784945,0.2775477819941229,0.39289999999999997,0.0,0.0,0.0,0.0,0.247,0.0,0.902,0.887,0.942,0.951,7,2
4.1923285829373444,0.3926,0.29549603196699187,0.26767459024983553,0.39259999999999995,0.0,0.0,0.0,0.0,0.276,0.0,0.87,0.852,0.964,0.964,8,2
3.9796912022672903,0.3644,0.2572127294152253,0.2197338209636892,0.3644,0.0,0.0,0.0,0.0,0.0,0.0,0.944,0.763,0.95,0.987,9,2
7.5007524490356445,0.4087,0.29221712809467953,0.27693640972462547,0.40869999999999995,0.872,0.951,0.046,0.622,0.598,0.998,0.0,0.0,0.0,0.0,10,2
7.355386644125747,0.4383,0.3182407227665685,0.3061552277525688,0.4383,0.815,0.79,0.005,0.897,0.88,0.996,0.0,0.0,0.0,0.0,11,2
7.6251384922490715,0.4605,0.36690658004691723,0.335794094736262,0.4605,0.867,0.918,0.701,0.692,0.428,0.999,0.0,0.0,0.0,0.0,12,2
7.883688306656127,0.4674,0.369328019977314,0.33504906941779167,0.4673999999999999,0.865,0.757,0.451,0.804,0.798,0.999,0.0,0.0,0.0,0.0,13,2
6.798011493378173,0.4357,0.3118706446136074,0.27870504080083147,0.43570000000000003,0.884,0.924,0.001,0.644,0.907,0.997,0.0,0.0,0.0,0.0,14,2
4.406033831282546,0.4647,0.323755672515996,0.2638117399805915,0.4647,0.0,0.848,0.932,0.91,0.0,0.0,0.0,0.0,0.973,0.984,0,3
4.6255457279400325,0.4672,0.32543888549185074,0.3637814604015107,0.46719999999999995,0.005,0.854,0.967,0.921,0.0,0.0,0.0,0.0,0.93,0.995,1,3
4.202619501577018,0.4553,0.3175512833046087,0.34258387489063213,0.4552999999999999,0.005,0.84,0.862,0.861,0.0,0.0,0.0,0.0,0.986,0.999,2,3
4.617808530886714,0.3665,0.2523196972191051,0.20619535829815785,0.36649999999999994,0.0,0.0,0.0,0.0,0.0,0.0,0.886,0.841,0.969,0.969,3,3
4.1647210741957155,0.4116,0.30103545883860416,0.24869315038052492,0.4116000000000001,0.0,0.0,0.0,0.0,0.538,0.0,0.812,0.829,0.963,0.974,4,3
4.481672536069974,0.3736,0.26768566167080177,0.2325395363234982,0.3736,0.0,0.0,0.0,0.0,0.0,0.0,0.98,0.93,0.901,0.925,5,3
4.712052849534983,0.4046,0.2995796554550231,0.25503576865114674,0.4046,0.0,0.0,0.0,0.0,0.964,0.0,0.369,0.824,0.912,0.977,6,3
4.747277780843619,0.4234,0.3233022007553224,0.27721483950763093,0.4234,0.0,0.0,0.0,0.0,0.653,0.0,0.784,0.908,0.946,0.943,7,3
4.345695479609334,0.4225,0.30876722700690856,0.25285006809534594,0.4225,0.0,0.0,0.0,0.0,0.705,0.0,0.735,0.851,0.966,0.968,8,3
4.271461505097703,0.3659,0.25707633011801334,0.21834262734936044,0.3659,0.0,0.0,0.0,0.0,0.0,0.0,0.944,0.766,0.959,0.99,9,3
8.01427686176361,0.4069,0.29260386005703565,0.2810030928073959,0.4069,0.881,0.957,0.065,0.607,0.56,0.999,0.0,0.0,0.0,0.0,10,3
8.152205050562898,0.4519,0.3330140738505398,0.30658183420525403,0.4519,0.807,0.902,0.027,0.867,0.918,0.998,0.0,0.0,0.0,0.0,11,3
7.951786355850415,0.4752,0.3777190531777719,0.33593793593820803,0.47520000000000007,0.864,0.922,0.642,0.8,0.525,0.999,0.0,0.0,0.0,0.0,12,3
8.274048115117862,0.479,0.378298452654653,0.34227162530377814,0.479,0.848,0.831,0.405,0.831,0.876,0.999,0.0,0.0,0.0,0.0,13,3
7.515076049981407,0.4399,0.3195540012007343,0.29674983945580324,0.4399,0.825,0.955,0.02,0.681,0.921,0.997,0.0,0.0,0.0,0.0,14,3
4.748087447291365,0.4674,0.3244532389884932,0.3629437401494858,0.46740000000000004,0.001,0.855,0.941,0.913,0.0,0.0,0.0,0.0,0.971,0.993,0,4
4.8395796103980215,0.4763,0.3438263470876583,0.35800552088163556,0.4763,0.096,0.852,0.969,0.921,0.0,0.0,0.0,0.0,0.929,0.996,1,4
4.6028952331969535,0.4675,0.3492115849420738,0.3511952015491735,0.46749999999999997,0.204,0.834,0.781,0.87,0.0,0.0,0.0,0.0,0.988,0.998,2,4
4.763101874068141,0.3683,0.2535162419202166,0.20712914747529482,0.36829999999999996,0.0,0.0,0.0,0.0,0.0,0.0,0.895,0.853,0.969,0.966,3,4
4.248238224571886,0.4136,0.2998551504674975,0.24517051592152656,0.4136,0.0,0.0,0.0,0.0,0.544,0.0,0.818,0.833,0.964,0.977,4,4
4.675298032669214,0.3746,0.26786063135603005,0.23181705462751867,0.3746,0.0,0.0,0.0,0.0,0.0,0.0,0.98,0.937,0.909,0.92,5,4
4.869060354110913,0.4123,0.3052602191718782,0.2575926573661279,0.4123,0.0,0.0,0.0,0.0,0.944,0.0,0.444,0.833,0.925,0.977,6,4
5.401355310750845,0.4296,0.3282773075766734,0.3719970776653697,0.4295999999999999,0.0,0.0,0.0,0.0,0.78,0.031,0.697,0.908,0.937,0.943,7,4
4.255542585644097,0.4222,0.3065785717174691,0.25007608796605885,0.4222,0.0,0.0,0.0,0.0,0.847,0.0,0.582,0.861,0.967,0.965,8,4
4.300179355822432,0.3682,0.2579351387595044,0.26648115982378007,0.36819999999999997,0.0,0.0,0.0,0.0,0.003,0.0,0.939,0.792,0.963,0.985,9,4
8.48249194111687,0.4311,0.3186688277960733,0.29310833971470546,0.4311,0.87,0.957,0.155,0.674,0.656,0.999,0.0,0.0,0.0,0.0,10,4
9.380048991011355,0.4553,0.3381224817795395,0.3182937027914092,0.4553000000000001,0.804,0.912,0.045,0.873,0.92,0.999,0.0,0.0,0.0,0.0,11,4
8.340079697557151,0.482,0.3820866146682405,0.3358822536179371,0.48200000000000004,0.854,0.926,0.628,0.836,0.577,0.999,0.0,0.0,0.0,0.0,12,4
8.483178533304233,0.4861,0.38268628475238914,0.34255024800126477,0.4861,0.836,0.876,0.413,0.852,0.885,0.999,0.0,0.0,0.0,0.0,13,4
7.97891714702399,0.455,0.33875083669825695,0.3046424860056309,0.45499999999999996,0.873,0.953,0.165,0.718,0.844,0.997,0.0,0.0,0.0,0.0,14,4
5.206564347203166,0.4711,0.33094093909760136,0.3454975992726545,0.4711,0.032,0.852,0.942,0.919,0.0,0.0,0.0,0.0,0.97,0.996,0,5
5.024014003741475,0.504,0.38392236375829203,0.3632470166840894,0.5040000000000001,0.345,0.883,0.967,0.917,0.0,0.0,0.0,0.0,0.932,0.996,1,5
4.93631582595289,0.4698,0.3576026623170768,0.3507612924693608,0.46980000000000005,0.283,0.858,0.678,0.894,0.0,0.0,0.0,0.0,0.988,0.997,2,5
4.825057465428362,0.3664,0.2482531055590907,0.19981083268086094,0.36639999999999995,0.0,0.0,0.0,0.0,0.0,0.0,0.873,0.843,0.971,0.977,3,5
4.3436071343315295,0.4245,0.3075847480698073,0.3487104761191992,0.4245,0.0,0.0,0.0,0.0,0.735,0.008,0.718,0.851,0.962,0.971,4,5
5.029657521567787,0.3749,0.2685486228864113,0.270016515780348,0.37489999999999996,0.0,0.0,0.0,0.0,0.003,0.0,0.99,0.94,0.893,0.923,5,5
5.019446126188333,0.4144,0.3082681904605781,0.25898294253799725,0.4144,0.0,0.0,0.0,0.0,0.921,0.0,0.479,0.839,0.932,0.973,6,5
6.0347451211545415,0.4352,0.3387783238642753,0.3740554463151081,0.43520000000000003,0.0,0.0,0.0,0.0,0.838,0.086,0.652,0.911,0.918,0.947,7,5
4.4482768366512015,0.4264,0.31120021354208555,0.25530936007893273,0.4264,0.0,0.0,0.0,0.0,0.806,0.0,0.676,0.84,0.965,0.977,8,5
4.548339238182043,0.3685,0.25824736825217887,0.26593951770207364,0.3685,0.0,0.0,0.0,0.0,0.013,0.0,0.932,0.792,0.96,0.988,9,5
8.42546798931524,0.4315,0.3256151955343151,0.290051702803794,0.43149999999999994,0.872,0.96,0.287,0.668,0.529,0.999,0.0,0.0,0.0,0.0,10,5
10.062535515989358,0.4612,0.34693517625968523,0.33221047914487645,0.4612,0.825,0.883,0.103,0.905,0.897,0.999,0.0,0.0,0.0,0.0,11,5
8.523950380258286,0.4872,0.38542483767370833,0.33540476278509895,0.48719999999999997,0.847,0.935,0.588,0.853,0.65,0.999,0.0,0.0,0.0,0.0,12,5
8.885515769068807,0.4835,0.3795825135145059,0.34768585574276323,0.4835,0.834,0.897,0.346,0.852,0.907,0.999,0.0,0.0,0.0,0.0,13,5
8.674339642539953,0.449,0.3250813874070412,0.30073022848502956,0.449,0.851,0.959,0.079,0.769,0.833,0.999,0.0,0.0,0.0,0.0,14,5
5.394925024562751,0.4772,0.3401582583124312,0.34962651060570715,0.4772,0.065,0.866,0.946,0.925,0.0,0.0,0.0,0.0,0.971,0.999,0,6
5.433656454848024,0.5205,0.4024853406980663,0.3637570791214018,0.5205,0.503,0.882,0.965,0.917,0.0,0.0,0.0,0.0,0.941,0.997,1,6
5.34749293784364,0.5113,0.3936544215955969,0.355025730291287,0.5113,0.488,0.885,0.848,0.908,0.0,0.0,0.0,0.0,0.987,0.997,2,6
5.003085921747616,0.3698,0.25169382196377865,0.325108488095674,0.3698,0.0,0.0,0.0,0.0,0.002,0.023,0.855,0.873,0.976,0.969,3,6
4.310095257652454,0.426,0.3082179894904814,0.34307502745658847,0.426,0.0,0.0,0.0,0.0,0.767,0.028,0.671,0.855,0.966,0.973,4,6
4.976423898824868,0.3777,0.2718663630623635,0.29452975938751813,0.3777,0.0,0.0,0.0,0.0,0.019,0.0,0.984,0.948,0.906,0.92,5,6
5.425311350593932,0.4137,0.3054298971896618,0.2551187874733357,0.41369999999999996,0.0,0.0,0.0,0.0,0.935,0.0,0.446,0.839,0.943,0.974,6,6
6.09511249133954,0.4412,0.3467800271532294,0.37266381502554974,0.4412,0.0,0.0,0.0,0.0,0.837,0.139,0.641,0.928,0.93,0.937,7,6
4.399727605021419,0.4297,0.31580329390707595,0.3585611451005669,0.42969999999999997,0.0,0.0,0.0,0.0,0.826,0.006,0.666,0.865,0.963,0.971,8,6
4.801575829807562,0.3712,0.26031312625465347,0.3727729049946065,0.37120000000000003,0.0,0.0,0.0,0.0,0.019,0.001,0.934,0.811,0.962,0.985,9,6
8.81569757248266,0.4579,0.3510934932748494,0.3114878668236828,0.4579000000000001,0.885,0.961,0.338,0.708,0.688,0.999,0.0,0.0,0.0,0.0,10,6
10.958194994697937,0.4563,0.3448506760327844,0.3224768407332689,0.45630000000000004,0.752,0.935,0.084,0.841,0.952,0.999,0.0,0.0,0.0,0.0,11,6
8.472699438040248,0.4952,0.39068491567527197,0.3393496824413049,0.4952,0.84,0.934,0.548,0.875,0.756,0.999,0.0,0.0,0.0,0.0,12,6
9.179977369765504,0.4861,0.3815385037717964,0.34668724697960057,0.4861000000000001,0.831,0.894,0.366,0.863,0.908,0.999,0.0,0.0,0.0,0.0,13,6
8.420949146770441,0.4186,0.3050063831680256,0.2798295933398315,0.41859999999999997,0.881,0.965,0.145,0.709,0.488,0.998,0.0,0.0,0.0,0.0,14,6
5.82462873702613,0.4945,0.37160132588202627,0.35720352426345886,0.49449999999999994,0.269,0.836,0.946,0.921,0.0,0.0,0.0,0.0,0.974,0.999,0,7
6.214080897383035,0.5315,0.41414859336755133,0.3676045673767038,0.5315000000000001,0.609,0.892,0.962,0.908,0.0,0.0,0.0,0.0,0.946,0.998,1,7
5.761872632054095,0.509,0.38957110094914016,0.3543951809380933,0.509,0.436,0.906,0.846,0.918,0.0,0.0,0.0,0.0,0.986,0.998,2,7
5.128184753485,0.3761,0.26214590653863035,0.34321941499142083,0.3761,0.0,0.0,0.0,0.0,0.006,0.056,0.871,0.888,0.974,0.966,3,7
4.588675553806293,0.4362,0.32301381608583163,0.34621358497295573,0.43620000000000003,0.0,0.0,0.0,0.0,0.804,0.091,0.664,0.868,0.965,0.97,4,7
5.341353913846488,0.3802,0.27740329064622304,0.39378355565495365,0.3802,0.0,0.0,0.0,0.0,0.018,0.027,0.984,0.951,0.902,0.92,5,7
5.842548020731527,0.4116,0.30160983778020645,0.25345383247842534,0.41159999999999997,0.0,0.0,0.0,0.0,0.967,0.0,0.386,0.851,0.94,0.972,6,7
6.484132780434606,0.4377,0.3432426524856853,0.37024670370982643,0.4377,0.0,0.0,0.0,0.0,0.9,0.144,0.546,0.928,0.921,0.938,7,7
5.006752041582102,0.4267,0.32205106324654986,0.36518125913897526,0.42669999999999997,0.0,0.0,0.0,0.0,0.599,0.031,0.829,0.876,0.96,0.972,8,7
4.992517986998391,0.3736,0.26506172954021695,0.3789492925147743,0.37360000000000004,0.0,0.0,0.0,0.0,0.024,0.018,0.936,0.811,0.959,0.988,9,7
9.007993909878472,0.4744,0.36795201989822784,0.32686156501901936,0.4744,0.892,0.961,0.404,0.723,0.765,0.999,0.0,0.0,0.0,0.0,10,7
11.802607225533873,0.4556,0.3408713910585667,0.3283687106040811,0.4556,0.82,0.851,0.077,0.885,0.924,0.999,0.0,0.0,0.0,0.0,11,7
8.770692449027358,0.4936,0.3887770648519946,0.33791390563609613,0.4936,0.867,0.939,0.54,0.861,0.73,0.999,0.0,0.0,0.0,0.0,12,7
9.557996268470447,0.4804,0.3735327063377084,0.34950065818304854,0.48040000000000005,0.842,0.907,0.275,0.852,0.929,0.999,0.0,0.0,0.0,0.0,13,7
9.085045511349321,0.4492,0.32950055884458485,0.3001368594704173,0.4492,0.87,0.965,0.138,0.753,0.767,0.999,0.0,0.0,0.0,0.0,14,7
6.397350392783411,0.4971,0.37399854428937623,0.3577272378298103,0.4971,0.266,0.861,0.951,0.924,0.0,0.0,0.0,0.0,0.971,0.998,0,8
6.443445600259799,0.5211,0.40380166049674654,0.36576053802125863,0.5211,0.503,0.876,0.96,0.925,0.0,0.0,0.0,0.0,0.949,0.998,1,8
6.198747621938443,0.5224,0.40321721111432324,0.3609231294477793,0.5224,0.525,0.901,0.896,0.927,0.0,0.0,0.0,0.0,0.984,0.991,2,8
5.289490372989886,0.3789,0.26767600464219427,0.3598498507190063,0.37889999999999996,0.0,0.0,0.0,0.0,0.019,0.064,0.876,0.898,0.972,0.96,3,8
4.5133321201458525,0.434,0.3244741636999233,0.34446645371537643,0.434,0.0,0.0,0.0,0.0,0.831,0.117,0.585,0.861,0.97,0.976,4,8
5.35438620092008,0.3853,0.2831599730956489,0.3853021172551543,0.38530000000000003,0.0,0.0,0.0,0.0,0.016,0.063,0.976,0.948,0.918,0.932,5,8
6.2377898708319135,0.4139,0.30342924036183794,0.25434321875028854,0.41389999999999993,0.0,0.0,0.0,0.0,0.953,0.0,0.414,0.861,0.94,0.971,6,8
7.023758133379415,0.4483,0.3566073781595679,0.3771101104400504,0.44830000000000003,0.0,0.0,0.0,0.0,0.753,0.169,0.75,0.925,0.933,0.953,7,8
5.174653915551524,0.4281,0.32897243475621873,0.36932152858855777,0.4281,0.0,0.0,0.0,0.0,0.561,0.06,0.846,0.881,0.963,0.97,8,8
4.962095211869992,0.3751,0.26647951544154597,0.3751934833627593,0.3751,0.0,0.0,0.0,0.0,0.033,0.029,0.931,0.811,0.959,0.988,9,8
9.64058319219766,0.4899,0.3839341988205744,0.3449078176461705,0.4899,0.882,0.961,0.416,0.768,0.873,0.999,0.0,0.0,0.0,0.0,10,8
12.85629455730938,0.4425,0.32814315906453917,0.31229995282195033,0.4425,0.724,0.925,0.018,0.789,0.971,0.998,0.0,0.0,0.0,0.0,11,8
9.039417036806052,0.4958,0.3907417643114173,0.34004868708474056,0.4958,0.856,0.937,0.547,0.882,0.737,0.999,0.0,0.0,0.0,0.0,12,8
9.800322208160791,0.4755,0.36585606956361943,0.34355552709151443,0.4755000000000001,0.828,0.906,0.217,0.877,0.928,0.999,0.0,0.0,0.0,0.0,13,8
9.373520174727272,0.4556,0.33800974880496676,0.3127110425989277,0.4555999999999999,0.869,0.966,0.172,0.782,0.768,0.999,0.0,0.0,0.0,0.0,14,8
6.984958417880269,0.5061,0.3853045675096724,0.3610289260018946,0.5061,0.36,0.858,0.952,0.921,0.0,0.0,0.0,0.0,0.973,0.997,0,9
6.88910477915511,0.5293,0.4124736359325391,0.36876033617860754,0.5293,0.58,0.896,0.963,0.909,0.0,0.0,0.0,0.0,0.947,0.998,1,9
7.083019018173218,0.5122,0.38951663950906534,0.35897667673587297,0.5122,0.381,0.9,0.922,0.94,0.0,0.0,0.0,0.0,0.98,0.999,2,9
5.205401798406729,0.3838,0.27578759284609494,0.35924938632864245,0.38380000000000003,0.0,0.0,0.0,0.0,0.048,0.086,0.869,0.893,0.976,0.966,3,9
4.424914502869018,0.4429,0.33614489305803774,0.34557079368071963,0.44289999999999996,0.0,0.0,0.0,0.0,0.838,0.182,0.596,0.87,0.969,0.974,4,9
5.3328333738893745,0.3935,0.2977058042431823,0.3911136676283453,0.3935,0.0,0.0,0.0,0.0,0.042,0.108,0.969,0.959,0.925,0.932,5,9
7.404767184973525,0.4228,0.31179592429631103,0.36005130853609113,0.42279999999999995,0.0,0.0,0.0,0.0,0.884,0.004,0.597,0.815,0.941,0.987,6,9
7.541330879107832,0.4537,0.3660905176801974,0.3811443845250759,0.4537,0.0,0.0,0.0,0.0,0.784,0.221,0.721,0.955,0.936,0.92,7,9
5.3773493324986665,0.4321,0.33915457805810706,0.36837827871352985,0.4321,0.0,0.0,0.0,0.0,0.551,0.13,0.849,0.857,0.96,0.974,8,9
5.23029134601069,0.3759,0.269724206767547,0.37943534499539566,0.3759,0.0,0.0,0.0,0.0,0.014,0.051,0.953,0.804,0.946,0.991,9,9
10.019711954525103,0.4893,0.38526843607752304,0.349414205847144,0.48929999999999996,0.9,0.961,0.427,0.759,0.847,0.999,0.0,0.0,0.0,0.0,10,9
13.267663521507677,0.4537,0.3431936714365979,0.3316669813134933,0.4536999999999999,0.755,0.911,0.08,0.83,0.962,0.999,0.0,0.0,0.0,0.0,11,9
8.980730777350477,0.4974,0.39128068491563817,0.341351959190782,0.4974,0.857,0.942,0.519,0.882,0.775,0.999,0.0,0.0,0.0,0.0,12,9
10.08042418385466,0.4817,0.37281550545429515,0.3499280108368997,0.4817,0.836,0.915,0.261,0.89,0.916,0.999,0.0,0.0,0.0,0.0,13,9
9.579458343335235,0.4699,0.35342738631530224,0.3343484622299837,0.4699,0.881,0.962,0.184,0.807,0.866,0.999,0.0,0.0,0.0,0.0,14,9
7.379016480125939,0.5026,0.3811327517327,0.3583384218119322,0.5025999999999999,0.332,0.859,0.957,0.912,0.0,0.0,0.0,0.0,0.969,0.997,0,10
3.35114560264368,0.3696,0.23376736898331069,0.29000324932716137,0.36960000000000004,0.001,0.863,0.965,0.928,0.0,0.0,0.0,0.0,0.939,0.0,1,10
7.640368047994547,0.5147,0.3941049593138056,0.3597850270691051,0.5147,0.435,0.909,0.916,0.906,0.0,0.0,0.0,0.0,0.984,0.997,2,10
5.636788423068988,0.3882,0.28219663923743277,0.35687782836336923,0.3882,0.0,0.0,0.0,0.0,0.029,0.109,0.88,0.94,0.973,0.951,3,10
4.723994190319658,0.4492,0.3443225394235936,0.34957466391261416,0.44919999999999993,0.0,0.0,0.0,0.0,0.864,0.214,0.577,0.9,0.969,0.968,4,10
5.613318175172654,0.3958,0.30077306465816034,0.3902889422977206,0.39580000000000004,0.0,0.0,0.0,0.0,0.026,0.147,0.968,0.973,0.929,0.915,5,10
6.9348233652571905,0.4011,0.29697820004235903,0.3519637204253763,0.4011,0.0,0.0,0.0,0.0,0.985,0.012,0.261,0.858,0.923,0.972,6,10
7.936973500937318,0.4526,0.36265353757934105,0.3736338428890561,0.4526,0.0,0.0,0.0,0.0,0.835,0.246,0.644,0.979,0.945,0.877,7,10
5.138277885632013,0.4473,0.3537106454518617,0.37498307906499095,0.4473,0.0,0.0,0.0,0.0,0.746,0.155,0.752,0.887,0.962,0.971,8,10
5.333122513926448,0.3841,0.2844285255945265,0.39036149755005567,0.38409999999999994,0.0,0.0,0.0,0.0,0.019,0.107,0.946,0.822,0.957,0.99,9,10
10.007955183998083,0.4926,0.38759872011736674,0.34888041806173564,0.49260000000000004,0.89,0.96,0.449,0.762,0.866,0.999,0.0,0.0,0.0,0.0,10,10
13.737159904199666,0.4551,0.3405247236614712,0.32315512078510256,0.4551,0.799,0.917,0.056,0.821,0.959,0.999,0.0,0.0,0.0,0.0,11,10
9.28954011563676,0.5001,0.39362675004457637,0.3422858258939413,0.5001,0.861,0.934,0.562,0.887,0.758,0.999,0.0,0.0,0.0,0.0,12,10
9.958115646252617,0.4853,0.3770287050206891,0.3491109737832108,0.48529999999999995,0.821,0.914,0.301,0.896,0.922,0.999,0.0,0.0,0.0,0.0,13,10
9.881123689036018,0.4766,0.36449290613418284,0.3467852410153379,0.4766,0.9,0.964,0.24,0.774,0.889,0.999,0.0,0.0,0.0,0.0,14,10
8.706897994580741,0.4912,0.3657650417872385,0.3605760939123452,0.49119999999999997,0.209,0.862,0.961,0.913,0.0,0.0,0.0,0.0,0.97,0.997,0,11
5.294604910067476,0.5226,0.4044467693502149,0.3649143093758462,0.5226,0.531,0.871,0.962,0.916,0.0,0.0,0.0,0.0,0.952,0.994,1,11
7.787023014153916,0.5259,0.4055403531117364,0.363817020890028,0.5258999999999999,0.505,0.907,0.959,0.934,0.0,0.0,0.0,0.0,0.956,0.998,2,11
5.530822620605128,0.3854,0.2770661963282822,0.343939241230728,0.3854,0.0,0.0,0.0,0.0,0.03,0.126,0.834,0.921,0.981,0.962,3,11
5.115366530494568,0.4529,0.34559266291893753,0.35172639291309427,0.45289999999999997,0.0,0.0,0.0,0.0,0.791,0.199,0.705,0.898,0.965,0.971,4,11
5.644979385522227,0.3998,0.30764131556694,0.37489748599160444,0.3998,0.0,0.0,0.0,0.0,0.04,0.178,0.962,0.978,0.932,0.908,5,11
6.646548819618103,0.4251,0.3148551254119385,0.3548781155348817,0.42510000000000003,0.0,0.0,0.0,0.0,0.923,0.035,0.493,0.878,0.952,0.97,6,11
7.436834397788246,0.4569,0.36987442697515527,0.37482404055261365,0.4569,0.0,0.0,0.0,0.0,0.922,0.311,0.519,0.95,0.938,0.929,7,11
5.509698205862564,0.441,0.3467464429621429,0.3745442833372713,0.441,0.0,0.0,0.0,0.0,0.599,0.131,0.844,0.934,0.959,0.943,8,11
5.521614873752045,0.3927,0.2995965613283077,0.3959135453401864,0.3927,0.0,0.0,0.0,0.0,0.032,0.159,0.956,0.843,0.95,0.987,9,11
10.290354644909453,0.4929,0.3877177410041407,0.354761807682141,0.4929,0.904,0.957,0.401,0.768,0.899,1.0,0.0,0.0,0.0,0.0,10,11
14.293185357468577,0.4636,0.35665478052832744,0.35066883677734567,0.4636,0.866,0.756,0.245,0.923,0.848,0.998,0.0,0.0,0.0,0.0,11,11
9.396995317440824,0.5012,0.39539015805112043,0.3446976165293697,0.5012,0.872,0.941,0.572,0.875,0.753,0.999,0.0,0.0,0.0,0.0,12,11
10.56825529196011,0.4836,0.37527564381575557,0.35224099362943295,0.48360000000000003,0.824,0.914,0.277,0.894,0.927,1.0,0.0,0.0,0.0,0.0,13,11
10.188833760758177,0.479,0.36799418923419186,0.3471350178778407,0.479,0.896,0.966,0.266,0.779,0.884,0.999,0.0,0.0,0.0,0.0,14,11
7.36174221541554,0.4974,0.37239217596965635,0.35740386368606014,0.4974,0.25,0.874,0.954,0.928,0.0,0.0,0.0,0.0,0.971,0.997,0,12
6.069958347862902,0.5288,0.41024356867069833,0.3660158338312346,0.5288,0.586,0.862,0.96,0.932,0.0,0.0,0.0,0.0,0.952,0.996,1,12
9.099499371866829,0.5215,0.40258151309804824,0.3653872089974958,0.5215,0.472,0.915,0.962,0.908,0.0,0.0,0.0,0.0,0.959,0.999,2,12
5.721130739004848,0.3744,0.2621828227752136,0.3270544352125378,0.3744,0.0,0.0,0.0,0.0,0.02,0.1,0.741,0.94,0.984,0.959,3,12
5.220399464281222,0.461,0.35702799730977786,0.3571130052098699,0.46099999999999997,0.0,0.0,0.0,0.0,0.838,0.252,0.67,0.911,0.967,0.972,4,12
5.647502025476279,0.413,0.3274036328496489,0.3919639004560185,0.413,0.0,0.0,0.0,0.0,0.112,0.212,0.953,0.975,0.95,0.928,5,12
7.422010298354176,0.4118,0.30282935575790704,0.3505127794999715,0.41180000000000005,0.0,0.0,0.0,0.0,0.973,0.016,0.356,0.852,0.944,0.977,6,12
7.844044315167509,0.4551,0.36469715624249394,0.37276620582022646,0.4551,0.0,0.0,0.0,0.0,0.855,0.27,0.622,0.976,0.936,0.892,7,12
5.6212055119462665,0.452,0.35821052906072715,0.377290952041481,0.45199999999999996,0.0,0.0,0.0,0.0,0.727,0.173,0.787,0.918,0.958,0.957,8,12
5.660715553326348,0.3962,0.3047811359507019,0.3885927295899997,0.3962,0.0,0.0,0.0,0.0,0.051,0.185,0.941,0.831,0.964,0.99,9,12
10.468928868778217,0.4947,0.3895635554225727,0.3574034967194334,0.49470000000000003,0.906,0.96,0.403,0.781,0.897,1.0,0.0,0.0,0.0,0.0,10,12
14.672265211233317,0.4505,0.3379056382596762,0.32373468080147166,0.4505,0.761,0.958,0.07,0.759,0.958,0.999,0.0,0.0,0.0,0.0,11,12
9.34282175039712,0.5042,0.39748075753459766,0.3463104107694305,0.5042,0.883,0.942,0.574,0.876,0.768,0.999,0.0,0.0,0.0,0.0,12,12
10.639960037633633,0.4843,0.37636313770555285,0.3551006285278494,0.4843,0.834,0.916,0.279,0.886,0.928,1.0,0.0,0.0,0.0,0.0,13,12
10.216934388437972,0.4791,0.36833499090747646,0.35180865360912417,0.4791,0.895,0.966,0.253,0.782,0.896,0.999,0.0,0.0,0.0,0.0,14,12
8.272617474150733,0.4979,0.37351875053524913,0.35870897366239507,0.4979,0.264,0.858,0.952,0.937,0.0,0.0,0.0,0.0,0.971,0.997,0,13
6.578309242717755,0.5396,0.4214305871647329,0.3689387615359473,0.5396,0.7,0.904,0.962,0.867,0.0,0.0,0.0,0.0,0.966,0.997,1,13
8.793679129963104,0.5133,0.39224779992281666,0.36160164258885996,0.5133,0.384,0.893,0.937,0.946,0.0,0.0,0.0,0.0,0.974,0.999,2,13
5.779375960651678,0.3883,0.28570903149317306,0.3286411765074599,0.3883,0.0,0.0,0.0,0.0,0.04,0.198,0.755,0.955,0.984,0.951,3,13
5.189690188858837,0.4595,0.3611932359432159,0.35715330772634374,0.45949999999999996,0.0,0.0,0.0,0.0,0.889,0.308,0.547,0.91,0.968,0.973,4,13
5.773356832254428,0.4143,0.33146978893598733,0.3890886179246206,0.4143,0.0,0.0,0.0,0.0,0.078,0.257,0.966,0.972,0.94,0.93,5,13
7.579542332183058,0.4252,0.312248128453399,0.3604049504598711,0.4252000000000001,0.0,0.0,0.0,0.0,0.904,0.002,0.561,0.862,0.947,0.976,6,13
7.004086261359267,0.4636,0.37384871484814974,0.37420226648512905,0.4636,0.0,0.0,0.0,0.0,0.803,0.312,0.67,0.944,0.957,0.95,7,13
5.9969838564388285,0.458,0.3672292205317951,0.3835632710839517,0.458,0.0,0.0,0.0,0.0,0.786,0.2,0.766,0.929,0.947,0.952,8,13
5.611030100252681,0.3992,0.31115744846814314,0.39233227288514494,0.3992,0.0,0.0,0.0,0.0,0.057,0.209,0.954,0.823,0.959,0.99,9,13
10.825825695793469,0.497,0.3919705931272204,0.35637725517051616,0.49700000000000005,0.913,0.963,0.441,0.771,0.882,1.0,0.0,0.0,0.0,0.0,10,13
15.60023568918149,0.4948,0.3889462178554392,0.35738987290610263,0.4948,0.897,0.929,0.386,0.834,0.904,0.998,0.0,0.0,0.0,0.0,11,13
9.546105866234143,0.5062,0.39973189960596195,0.3493948585009935,0.5062,0.9,0.943,0.583,0.862,0.775,0.999,0.0,0.0,0.0,0.0,12,13
10.783541720515242,0.4886,0.38097595629810066,0.35433939348951493,0.48860000000000003,0.834,0.917,0.32,0.895,0.92,1.0,0.0,0.0,0.0,0.0,13,13
10.760764352048929,0.4825,0.3729030715852284,0.35176927661080937,0.48249999999999993,0.906,0.967,0.282,0.783,0.887,1.0,0.0,0.0,0.0,0.0,14,13
9.25771527168469,0.4792,0.34300856346658104,0.35232360096219295,0.47919999999999996,0.073,0.862,0.957,0.935,0.0,0.0,0.0,0.0,0.968,0.997,0,14
7.28517961349731,0.5402,0.4226565017712539,0.37100574817068654,0.5402,0.704,0.9,0.962,0.88,0.0,0.0,0.0,0.0,0.959,0.997,1,14
3.1140896055264213,0.5343,0.414158593282642,0.3639935625874801,0.5343,0.614,0.899,0.949,0.919,0.0,0.0,0.0,0.0,0.967,0.995,2,14
5.794952656133487,0.3996,0.2981608115586811,0.32390122191306975,0.39959999999999996,0.0,0.0,0.0,0.0,0.014,0.241,0.853,0.959,0.98,0.949,3,14
5.338062482900893,0.4561,0.36299674670645393,0.3586253187314401,0.4561,0.0,0.0,0.0,0.0,0.943,0.347,0.419,0.907,0.971,0.974,4,14
5.959130780003703,0.4197,0.3401871511864031,0.377297888066442,0.4197,0.0,0.0,0.0,0.0,0.091,0.303,0.971,0.977,0.931,0.924,5,14
8.25484138555801,0.4036,0.3058117035428481,0.3530502183824487,0.40359999999999996,0.0,0.0,0.0,0.0,0.989,0.066,0.254,0.811,0.928,0.988,6,14
8.19401432987981,0.4688,0.38225843197014103,0.37634946813621195,0.4688,0.0,0.0,0.0,0.0,0.835,0.388,0.632,0.923,0.95,0.96,7,14
5.811103810136691,0.4458,0.3415885837538605,0.3702315580799565,0.44580000000000003,0.0,0.0,0.0,0.0,0.763,0.092,0.772,0.936,0.955,0.94,8,14
6.175997996863465,0.399,0.31211731860282155,0.39261991884116865,0.3989999999999999,0.0,0.0,0.0,0.0,0.044,0.227,0.946,0.822,0.961,0.99,9,14
10.518657678232406,0.4982,0.39218759140692405,0.3563248893834718,0.4981999999999999,0.917,0.962,0.441,0.783,0.879,1.0,0.0,0.0,0.0,0.0,10,14
17.13089466247315,0.4892,0.3841264401660231,0.36053330732436284,0.4892,0.883,0.921,0.348,0.897,0.844,0.999,0.0,0.0,0.0,0.0,11,14
9.825681598041767,0.5069,0.4013370269425917,0.3520448137036215,0.5069,0.91,0.944,0.597,0.849,0.77,0.999,0.0,0.0,0.0,0.0,12,14
11.00488588223442,0.4829,0.37366260012813757,0.35428733634404697,0.48290000000000005,0.809,0.924,0.259,0.903,0.934,1.0,0.0,0.0,0.0,0.0,13,14
10.95504382624032,0.4823,0.37086700230082764,0.3524317012708592,0.48230000000000006,0.901,0.968,0.25,0.81,0.894,1.0,0.0,0.0,0.0,0.0,14,14
9.746708014521737,0.5045,0.3842502007624141,0.36478524289927267,0.5045,0.334,0.848,0.953,0.946,0.0,0.0,0.0,0.0,0.966,0.998,0,15
6.130979331537557,0.4662,0.3398699071853689,0.36145983232832846,0.4662,0.1,0.761,0.976,0.905,0.0,0.0,0.0,0.0,0.923,0.997,1,15
7.234469067936127,0.5271,0.40541543701848043,0.3609228420074294,0.5271,0.514,0.908,0.934,0.94,0.0,0.0,0.0,0.0,0.976,0.999,2,15
6.172862525184314,0.4063,0.31220364774860726,0.32452784449666405,0.4063,0.0,0.0,0.0,0.0,0.034,0.294,0.849,0.957,0.979,0.95,3,15
5.071147100994001,0.4692,0.37527504443560317,0.3656381595809205,0.4692,0.0,0.0,0.0,0.0,0.873,0.375,0.577,0.934,0.967,0.966,4,15
6.203150693600932,0.4187,0.3379653676968756,0.36559788624377026,0.41869999999999996,0.0,0.0,0.0,0.0,0.082,0.313,0.961,0.981,0.945,0.905,5,15
8.50182775719859,0.4257,0.33547894714125803,0.3632996111351168,0.42569999999999997,0.0,0.0,0.0,0.0,0.978,0.168,0.342,0.873,0.919,0.977,6,15
8.713120737776588,0.4077,0.30715560962027666,0.37105767993750005,0.4077,0.0,0.0,0.0,0.0,0.696,0.002,0.816,0.688,0.879,0.996,7,15
6.380416080974542,0.4438,0.34216142820813944,0.36588414930070684,0.4438,0.0,0.0,0.0,0.0,0.912,0.135,0.552,0.951,0.945,0.943,8,15
6.585025299852267,0.4005,0.3176433304322632,0.3957096799566866,0.40049999999999997,0.0,0.0,0.0,0.0,0.062,0.233,0.961,0.809,0.948,0.992,9,15
11.500850412411431,0.4989,0.3948742018122194,0.36038013951955183,0.4989,0.925,0.962,0.442,0.79,0.87,1.0,0.0,0.0,0.0,0.0,10,15
16.601201115324855,0.4825,0.37646893510524704,0.3528705520175575,0.48249999999999993,0.788,0.93,0.305,0.939,0.864,0.999,0.0,0.0,0.0,0.0,11,15
10.233767404342993,0.5087,0.40252162992508067,0.35362306552343997,0.5086999999999999,0.908,0.945,0.567,0.861,0.806,1.0,0.0,0.0,0.0,0.0,12,15
11.2243175735108,0.4826,0.37368696622920894,0.35615881135522465,0.48260000000000003,0.814,0.912,0.263,0.917,0.92,1.0,0.0,0.0,0.0,0.0,13,15
11.084663592207546,0.4831,0.37241275052004286,0.35646910796546216,0.4831,0.91,0.97,0.259,0.788,0.904,1.0,0.0,0.0,0.0,0.0,14,15
6.251667395186501,0.491,0.366373690616269,0.3581196882783656,0.491,0.206,0.858,0.953,0.93,0.0,0.0,0.0,0.0,0.965,0.998,0,16
8.140197952715353,0.5235,0.4025152885913911,0.3612702119538177,0.5235,0.506,0.872,0.938,0.95,0.0,0.0,0.0,0.0,0.972,0.997,1,16
8.290003140513509,0.5235,0.4033588927569894,0.3651438038745245,0.5235000000000001,0.481,0.909,0.952,0.922,0.0,0.0,0.0,0.0,0.972,0.999,2,16
6.447016524049801,0.4122,0.3205013232504065,0.3308967991968764,0.4122,0.0,0.0,0.0,0.0,0.041,0.301,0.891,0.974,0.975,0.94,3,16
5.799907041433901,0.4722,0.37960897085001294,0.3731190303349584,0.47220000000000006,0.0,0.0,0.0,0.0,0.838,0.363,0.664,0.934,0.957,0.966,4,16
6.002124356766478,0.4282,0.34565688324404203,0.36477318504180245,0.4282,0.0,0.0,0.0,0.0,0.298,0.26,0.931,0.99,0.947,0.856,5,16
7.742583085934575,0.4072,0.3143492911610979,0.36137326945156084,0.4072,0.0,0.0,0.0,0.0,0.274,0.082,0.91,0.883,0.95,0.973,6,16
9.227996691347311,0.4706,0.3839327225875712,0.3796688764652171,0.47059999999999996,0.0,0.0,0.0,0.0,0.794,0.37,0.707,0.923,0.949,0.963,7,16
6.387333089932085,0.4591,0.36161175502569465,0.37718357185075463,0.4591,0.0,0.0,0.0,0.0,0.819,0.193,0.747,0.931,0.944,0.957,8,16
6.419782659877984,0.4179,0.33901780211064814,0.3976592322169834,0.41790000000000005,0.0,0.0,0.0,0.0,0.081,0.33,0.959,0.875,0.948,0.986,9,16
11.003805052358121,0.5022,0.39643276383814663,0.35902060459120894,0.5022,0.928,0.966,0.47,0.782,0.876,1.0,0.0,0.0,0.0,0.0,10,16
16.33405285521437,0.4934,0.3864433823612406,0.35505364415058865,0.49339999999999995,0.898,0.954,0.393,0.863,0.827,0.999,0.0,0.0,0.0,0.0,11,16
10.695305869983027,0.5083,0.40310040403184855,0.3549862435038505,0.5083,0.91,0.943,0.576,0.874,0.78,1.0,0.0,0.0,0.0,0.0,12,16
11.453091322804411,0.4873,0.3785524096829843,0.3606980346215691,0.4873,0.839,0.93,0.278,0.905,0.921,1.0,0.0,0.0,0.0,0.0,13,16
11.321020226889907,0.4839,0.37240331948877475,0.3578580321513775,0.48390000000000005,0.909,0.968,0.248,0.819,0.895,1.0,0.0,0.0,0.0,0.0,14,16
7.58978605575074,0.5041,0.3825023940983442,0.36333864168731006,0.5041,0.311,0.881,0.955,0.929,0.0,0.0,0.0,0.0,0.966,0.999,0,17
6.934695272019115,0.5288,0.4101220323535079,0.3667370867149411,0.5288,0.562,0.89,0.955,0.916,0.0,0.0,0.0,0.0,0.968,0.997,1,17
8.356389156164834,0.5227,0.4011166257985945,0.3623152916159932,0.5226999999999999,0.461,0.914,0.946,0.932,0.0,0.0,0.0,0.0,0.975,0.999,2,17
5.691808673139578,0.4158,0.32694402213658985,0.3318734217900161,0.41580000000000006,0.0,0.0,0.0,0.0,0.029,0.361,0.877,0.949,0.98,0.962,3,17
6.295192992725311,0.471,0.3770848388877111,0.36716347161682655,0.471,0.0,0.0,0.0,0.0,0.878,0.381,0.587,0.948,0.958,0.958,4,17
6.193897420986772,0.4279,0.347448696306124,0.35591356102747285,0.4279,0.0,0.0,0.0,0.0,0.059,0.394,0.958,0.971,0.955,0.942,5,17
9.175489307592471,0.4269,0.32082602854375125,0.36276623782751044,0.4269,0.0,0.0,0.0,0.0,0.544,0.036,0.865,0.906,0.951,0.967,6,17
9.208029122398303,0.4715,0.38747033094323446,0.3879824978940378,0.4715,0.0,0.0,0.0,0.0,0.864,0.373,0.665,0.975,0.924,0.914,7,17
5.053643938070669,0.4653,0.37466649581326106,0.3802139564429418,0.46530000000000005,0.0,0.0,0.0,0.0,0.794,0.267,0.746,0.959,0.951,0.936,8,17
7.1025440418682155,0.4135,0.3318090626379835,0.4074584352670446,0.4135,0.0,0.0,0.0,0.0,0.033,0.327,0.963,0.881,0.944,0.987,9,17
12.102416137536874,0.4998,0.3963602450309935,0.36859769291565003,0.4998,0.932,0.965,0.419,0.789,0.893,1.0,0.0,0.0,0.0,0.0,10,17
14.677915783355031,0.4934,0.3854354039107024,0.3560222018244228,0.49339999999999995,0.892,0.945,0.347,0.86,0.892,0.998,0.0,0.0,0.0,0.0,11,17
10.79539833891506,0.5093,0.4036866316149289,0.3555864177184844,0.5093,0.92,0.95,0.581,0.855,0.787,1.0,0.0,0.0,0.0,0.0,12,17
11.643292920658002,0.4857,0.37640650165069783,0.3640586132236809,0.4857,0.833,0.916,0.266,0.909,0.933,1.0,0.0,0.0,0.0,0.0,13,17
11.21796076594831,0.4904,0.3809917321336074,0.35628099397635243,0.4904,0.904,0.973,0.313,0.809,0.905,1.0,0.0,0.0,0.0,0.0,14,17
4.776444768753295,0.4801,0.34753752784377795,0.3573255280024991,0.4801,0.093,0.875,0.95,0.928,0.0,0.0,0.0,0.0,0.958,0.997,0,18
8.53617484729511,0.5227,0.4012768897770897,0.3621758294592651,0.5227,0.488,0.878,0.935,0.953,0.0,0.0,0.0,0.0,0.976,0.997,1,18
9.360132045258348,0.5246,0.40251181445908746,0.36196003311405706,0.5246,0.482,0.919,0.944,0.933,0.0,0.0,0.0,0.0,0.971,0.997,2,18
7.9495703800798605,0.413,0.32142365957387514,0.3265074522066088,0.413,0.0,0.0,0.0,0.0,0.0,0.349,0.908,0.984,0.977,0.912,3,18
5.568686977362099,0.4685,0.3813629223405333,0.3707884179084614,0.46849999999999997,0.0,0.0,0.0,0.0,0.525,0.425,0.869,0.935,0.965,0.966,4,18
6.41829207606209,0.4293,0.34745144675707124,0.35238635638887705,0.4293,0.0,0.0,0.0,0.0,0.094,0.396,0.949,0.984,0.96,0.91,5,18
8.775978610919307,0.4213,0.32067109724200754,0.3578012521454573,0.4213,0.0,0.0,0.0,0.0,0.977,0.077,0.353,0.903,0.935,0.968,6,18
9.39862718825904,0.4696,0.3837146463691882,0.3775086604900615,0.46959999999999996,0.0,0.0,0.0,0.0,0.803,0.388,0.702,0.861,0.959,0.983,7,18
6.651945602398711,0.4542,0.3622799458279629,0.38053731636132276,0.4542,0.0,0.0,0.0,0.0,0.687,0.188,0.817,0.957,0.953,0.94,8,18
6.952634330755606,0.4264,0.3564821437219948,0.4053346779533091,0.42639999999999995,0.0,0.0,0.0,0.0,0.152,0.374,0.953,0.844,0.949,0.992,9,18
12.337897163610489,0.504,0.4009364364122499,0.36734095786026616,0.5039999999999999,0.932,0.964,0.464,0.804,0.876,1.0,0.0,0.0,0.0,0.0,10,18
18.36070793505294,0.4955,0.39283294113214906,0.36468795089647504,0.4955,0.889,0.929,0.397,0.863,0.879,0.998,0.0,0.0,0.0,0.0,11,18
11.136872808011576,0.5112,0.4057558448796925,0.35798110935065797,0.5112,0.928,0.943,0.6,0.862,0.779,1.0,0.0,0.0,0.0,0.0,12,18
11.93316426292395,0.4889,0.37878723077379445,0.36434513320252815,0.4889,0.876,0.934,0.258,0.895,0.926,1.0,0.0,0.0,0.0,0.0,13,18
11.584553819114028,0.4894,0.3787143901656238,0.35984316350378387,0.4894,0.904,0.97,0.28,0.83,0.91,1.0,0.0,0.0,0.0,0.0,14,18
8.393124872122328,0.4885,0.3608430497751656,0.36142330306975856,0.4885,0.164,0.88,0.956,0.919,0.0,0.0,0.0,0.0,0.967,0.999,0,19
8.275759603268803,0.5272,0.40582773221927226,0.3629202570502269,0.5272,0.522,0.904,0.936,0.938,0.0,0.0,0.0,0.0,0.975,0.997,1,19
11.692403141302043,0.5203,0.3990003359158092,0.3633562368734655,0.5203,0.443,0.902,0.954,0.935,0.0,0.0,0.0,0.0,0.97,0.999,2,19
6.21066500127506,0.4216,0.33620376497597604,0.3418493975550026,0.42160000000000003,0.0,0.0,0.0,0.0,0.061,0.36,0.91,0.975,0.972,0.938,3,19
6.758819571699197,0.4763,0.3866818195499991,0.3766464071204955,0.4763,0.0,0.0,0.0,0.0,0.879,0.415,0.608,0.947,0.952,0.962,4,19
6.041017548344768,0.4457,0.3674706149108459,0.37773810581172834,0.4457,0.0,0.0,0.0,0.0,0.385,0.359,0.921,0.993,0.962,0.837,5,19
9.310191710536092,0.4271,0.3400920650425846,0.3603524197876769,0.4271,0.0,0.0,0.0,0.0,0.989,0.232,0.185,0.963,0.96,0.942,6,19
10.569775017686545,0.4755,0.3886482043008691,0.380453100579471,0.4755,0.0,0.0,0.0,0.0,0.815,0.403,0.695,0.914,0.96,0.968,7,19
6.267880301886854,0.4557,0.3806783626532978,0.39486443524782455,0.45570000000000005,0.0,0.0,0.0,0.0,0.495,0.316,0.893,0.953,0.951,0.949,8,19
6.81200514586208,0.4244,0.35142259344089244,0.40608405010020066,0.4244,0.0,0.0,0.0,0.0,0.118,0.351,0.954,0.883,0.949,0.989,9,19
13.004796710638955,0.5056,0.40195489459588407,0.3698044329535298,0.5056,0.931,0.963,0.447,0.829,0.886,1.0,0.0,0.0,0.0,0.0,10,19
16.59437601863386,0.5034,0.40092896408981477,0.3671657069185348,0.5034,0.919,0.928,0.471,0.864,0.853,0.999,0.0,0.0,0.0,0.0,11,19
11.750663923379332,0.5111,0.40588323883714084,0.3592097246938339,0.5111,0.94,0.95,0.598,0.844,0.779,1.0,0.0,0.0,0.0,0.0,12,19
12.398345232771609,0.4876,0.37613446178489074,0.367876382041016,0.48760000000000003,0.862,0.931,0.244,0.914,0.925,1.0,0.0,0.0,0.0,0.0,13,19
11.96005064534684,0.4882,0.37755421672701983,0.3622390845292308,0.48819999999999997,0.914,0.971,0.266,0.825,0.906,1.0,0.0,0.0,0.0,0.0,14,19
8.758848907086795,0.4974,0.3724484608145314,0.3590259680788197,0.4974,0.252,0.864,0.952,0.939,0.0,0.0,0.0,0.0,0.969,0.998,0,20
6.305157792453949,0.5359,0.4146841741707291,0.36499099268104096,0.5359,0.613,0.895,0.944,0.938,0.0,0.0,0.0,0.0,0.972,0.997,1,20
9.881425577230727,0.5285,0.40899804432485853,0.3656379358922338,0.5285,0.531,0.899,0.951,0.941,0.0,0.0,0.0,0.0,0.964,0.999,2,20
6.4878043823729685,0.4288,0.34597348028751856,0.3463112292731669,0.4288,0.0,0.0,0.0,0.0,0.104,0.404,0.89,0.978,0.975,0.937,3,20
6.527768589056338,0.4873,0.39121913265420866,0.3739940752740986,0.4873,0.0,0.0,0.0,0.0,0.802,0.438,0.764,0.935,0.965,0.969,4,20
6.869941760175906,0.4379,0.36314274948373587,0.3705587364434396,0.43789999999999996,0.0,0.0,0.0,0.0,0.133,0.434,0.956,0.984,0.958,0.914,5,20
9.296880312240162,0.42,0.3316072614761595,0.36305012315952195,0.41999999999999993,0.0,0.0,0.0,0.0,0.283,0.152,0.913,0.93,0.958,0.964,6,20
10.371445022071132,0.4779,0.3937775963591746,0.3841469559655043,0.4779,0.0,0.0,0.0,0.0,0.78,0.43,0.734,0.914,0.954,0.967,7,20
6.651114433337324,0.4588,0.38613528127984614,0.4053352225140804,0.4588,0.0,0.0,0.0,0.0,0.584,0.295,0.875,0.935,0.943,0.956,8,20
7.371843448462196,0.4388,0.37072209654691146,0.4098123967674373,0.43879999999999997,0.0,0.0,0.0,0.0,0.172,0.442,0.954,0.871,0.96,0.989,9,20
13.084698335812115,0.5041,0.40089894736538445,0.3711391466736983,0.5041,0.935,0.966,0.441,0.816,0.883,1.0,0.0,0.0,0.0,0.0,10,20
19.079718208922365,0.5032,0.3987683711990277,0.35589166472639794,0.5032,0.898,0.954,0.494,0.872,0.815,0.999,0.0,0.0,0.0,0.0,11,20
11.615437705676776,0.5112,0.4061764915356715,0.36071294881128474,0.5112,0.943,0.947,0.588,0.839,0.795,1.0,0.0,0.0,0.0,0.0,12,20
12.329254487071175,0.4913,0.38150162748208977,0.36316549597284425,0.4913,0.865,0.927,0.291,0.912,0.918,1.0,0.0,0.0,0.0,0.0,13,20
11.95661917281227,0.4862,0.3734085657188039,0.3619319787591221,0.4862,0.905,0.969,0.237,0.844,0.907,1.0,0.0,0.0,0.0,0.0,14,20
9.426233997741065,0.4922,0.36455879598996666,0.3611652106555401,0.4922000000000001,0.19,0.879,0.953,0.936,0.0,0.0,0.0,0.0,0.966,0.998,0,21
8.984110551901137,0.5334,0.4123607938436269,0.364234427147219,0.5334,0.589,0.899,0.941,0.932,0.0,0.0,0.0,0.0,0.976,0.997,1,21
5.88560779864034,0.5277,0.40674163665871943,0.3620636385455919,0.5277000000000001,0.537,0.902,0.932,0.927,0.0,0.0,0.0,0.0,0.982,0.997,2,21
7.33172834871676,0.4218,0.3352031369510647,0.34473580548969274,0.4218,0.0,0.0,0.0,0.0,0.133,0.309,0.902,0.982,0.976,0.916,3,21
4.118371055149042,0.4342,0.30729189412043073,0.34069248176275835,0.43420000000000003,0.0,0.0,0.0,0.0,0.764,0.012,0.712,0.928,0.957,0.969,4,21
6.465465063485094,0.4675,0.38566365264554986,0.3789160801882207,0.46749999999999997,0.0,0.0,0.0,0.0,0.453,0.434,0.894,0.974,0.971,0.949,5,21
10.079729680436106,0.4271,0.32023067064415023,0.3624742146145865,0.4271,0.0,0.0,0.0,0.0,0.623,0.04,0.843,0.834,0.946,0.985,6,21
10.323932752822534,0.4799,0.3960071891008006,0.3863497770562937,0.47990000000000005,0.0,0.0,0.0,0.0,0.802,0.437,0.715,0.924,0.955,0.966,7,21
6.655612496141428,0.4583,0.36394021759647843,0.37938274581676723,0.45830000000000004,0.0,0.0,0.0,0.0,0.749,0.19,0.781,0.948,0.961,0.954,8,21
8.197864249110603,0.4442,0.37687646306770917,0.40340558151877187,0.44420000000000004,0.0,0.0,0.0,0.0,0.157,0.488,0.965,0.902,0.947,0.983,9,21
13.679075902262435,0.5019,0.3990709061637914,0.3706480424062665,0.5019,0.931,0.963,0.42,0.829,0.876,1.0,0.0,0.0,0.0,0.0,10,21
20.228337979545227,0.4828,0.38020975054936434,0.35265399297707967,0.48279999999999995,0.95,0.772,0.462,0.813,0.833,0.998,0.0,0.0,0.0,0.0,11,21
11.939522717326593,0.5127,0.40649970447928113,0.3578251799103954,0.5126999999999999,0.938,0.952,0.618,0.852,0.767,1.0,0.0,0.0,0.0,0.0,12,21
12.576590836619417,0.4897,0.3787183968628368,0.37079639887668503,0.4897,0.878,0.938,0.249,0.905,0.927,1.0,0.0,0.0,0.0,0.0,13,21
12.08930410744664,0.4859,0.3726151886469679,0.3620308844077168,0.4859,0.915,0.968,0.23,0.846,0.9,1.0,0.0,0.0,0.0,0.0,14,21
11.311638909787797,0.4946,0.3672539270179628,0.3612190053236356,0.4946,0.199,0.907,0.96,0.921,0.0,0.0,0.0,0.0,0.961,0.998,0,22
10.681969376036916,0.5291,0.40886116661903343,0.36545705535301787,0.5290999999999999,0.552,0.889,0.943,0.935,0.0,0.0,0.0,0.0,0.975,0.997,1,22
8.2588183133366,0.5188,0.3968176025836171,0.3623526880975065,0.5187999999999999,0.426,0.907,0.949,0.932,0.0,0.0,0.0,0.0,0.977,0.997,2,22
7.161829058735515,0.4156,0.32682739192779636,0.34724714237810944,0.41559999999999997,0.0,0.0,0.0,0.0,0.016,0.423,0.849,0.988,0.982,0.898,3,22
6.372385587936011,0.4803,0.38869159826476685,0.3748227141664077,0.4803,0.0,0.0,0.0,0.0,0.885,0.439,0.617,0.963,0.946,0.953,4,22
7.149471428447638,0.4671,0.3854171791534127,0.3789472395338195,0.4671,0.0,0.0,0.0,0.0,0.466,0.44,0.896,0.982,0.971,0.916,5,22
3.843778842554306,0.4272,0.32129632215764314,0.3542842095563329,0.4272,0.0,0.0,0.0,0.0,0.559,0.076,0.862,0.877,0.93,0.968,6,22
10.255674633355186,0.478,0.3951790956817631,0.388434368606004,0.4779999999999999,0.0,0.0,0.0,0.0,0.757,0.411,0.77,0.918,0.953,0.971,7,22
7.637666242952926,0.4563,0.37330093860658736,0.39143563846621526,0.4563,0.0,0.0,0.0,0.0,0.612,0.234,0.865,0.959,0.943,0.95,8,22
7.527930081461946,0.4476,0.3838005912281638,0.41651538231397767,0.4476,0.0,0.0,0.0,0.0,0.166,0.527,0.963,0.879,0.951,0.99,9,22
13.584971788973093,0.5053,0.401026902387867,0.3715053407977832,0.5053,0.938,0.962,0.433,0.833,0.887,1.0,0.0,0.0,0.0,0.0,10,22
21.27135605857776,0.4953,0.39212696545973696,0.3624566133331425,0.49529999999999996,0.881,0.956,0.376,0.824,0.917,0.999,0.0,0.0,0.0,0.0,11,22
12.404752353509775,0.5122,0.40728781185719587,0.36202008992668844,0.5122,0.939,0.949,0.572,0.853,0.809,1.0,0.0,0.0,0.0,0.0,12,22
12.858538109654436,0.4921,0.3820713547942611,0.36432009460638526,0.49210000000000004,0.875,0.942,0.279,0.905,0.92,1.0,0.0,0.0,0.0,0.0,13,22
12.808971900147752,0.4868,0.37448714689266244,0.3645656357074242,0.4868,0.905,0.97,0.237,0.85,0.906,1.0,0.0,0.0,0.0,0.0,14,22
11.971973795479478,0.5169,0.39675371701484047,0.3642687858662522,0.5169,0.417,0.91,0.957,0.925,0.0,0.0,0.0,0.0,0.962,0.998,0,23
11.817852809406316,0.5313,0.4109278596961639,0.3651791100567662,0.5313,0.572,0.893,0.943,0.933,0.0,0.0,0.0,0.0,0.975,0.997,1,23
9.977630060701705,0.5195,0.3984977314077135,0.3641879370754028,0.5195000000000001,0.438,0.904,0.951,0.928,0.0,0.0,0.0,0.0,0.976,0.998,2,23
11.262628505024285,0.4125,0.3189763984573967,0.31668798980672436,0.4125,0.0,0.0,0.0,0.0,0.0,0.432,0.809,0.977,0.984,0.923,3,23
6.534949309528826,0.4927,0.4025500449595884,0.38461622662053613,0.4927,0.0,0.0,0.0,0.0,0.836,0.494,0.708,0.96,0.972,0.957,4,23
5.442591606999358,0.4319,0.35038660319386317,0.3681226300067122,0.4319,0.0,0.0,0.0,0.0,0.302,0.273,0.937,0.989,0.952,0.866,5,23
10.656972406771237,0.4618,0.3727428860689641,0.3793556839133859,0.46180000000000004,0.0,0.0,0.0,0.0,0.681,0.281,0.813,0.922,0.953,0.968,6,23
9.361988591690794,0.4778,0.3904926464444744,0.3807838379704746,0.47780000000000006,0.0,0.0,0.0,0.0,0.845,0.417,0.675,0.916,0.953,0.972,7,23
8.015336195120035,0.4088,0.32626445135411497,0.37872198251077227,0.4088,0.0,0.0,0.0,0.0,0.059,0.23,0.965,0.953,0.935,0.946,8,23
5.005700547093401,0.4474,0.3815154545260158,0.4056330952108995,0.4474,0.0,0.0,0.0,0.0,0.24,0.447,0.957,0.92,0.933,0.977,9,23
13.917367641156474,0.5059,0.40379839239455445,0.37069123014335725,0.5059,0.937,0.967,0.466,0.827,0.862,1.0,0.0,0.0,0.0,0.0,10,23
20.516125136670976,0.4922,0.3888922016402233,0.36488258584178845,0.49219999999999997,0.922,0.869,0.376,0.848,0.908,0.999,0.0,0.0,0.0,0.0,11,23
12.41182417762927,0.5112,0.4064923714658028,0.3604316766286021,0.5112,0.955,0.956,0.615,0.814,0.772,1.0,0.0,0.0,0.0,0.0,12,23
12.929651555923607,0.4921,0.38020570804860043,0.3649484804333209,0.4920999999999999,0.877,0.948,0.265,0.907,0.924,1.0,0.0,0.0,0.0,0.0,13,23
13.13283099914892,0.4907,0.37932386509287935,0.3645233083163188,0.4907,0.918,0.97,0.268,0.842,0.909,1.0,0.0,0.0,0.0,0.0,14,23
8.857055881152899,0.4998,0.3759613758794425,0.3634325060810148,0.4998,0.26,0.875,0.958,0.935,0.0,0.0,0.0,0.0,0.971,0.999,0,24
12.65410075477137,0.5323,0.41176631181704904,0.36503549325284235,0.5323,0.581,0.895,0.943,0.933,0.0,0.0,0.0,0.0,0.974,0.997,1,24
11.556690651768694,0.5202,0.39953596138848246,0.3636600195283918,0.5202,0.455,0.895,0.952,0.927,0.0,0.0,0.0,0.0,0.976,0.997,2,24
6.30137771691758,0.4535,0.3702214869724242,0.36309644644658595,0.4535,0.0,0.0,0.0,0.0,0.37,0.436,0.85,0.984,0.979,0.916,3,24
6.461172544918122,0.4763,0.39448880862959285,0.38260109394564834,0.4763,0.0,0.0,0.0,0.0,0.954,0.505,0.424,0.963,0.965,0.952,4,24
8.350523636363947,0.4511,0.37983275721949933,0.38188822098746256,0.4511,0.0,0.0,0.0,0.0,0.202,0.487,0.952,0.964,0.953,0.953,5,24
11.924720197439955,0.4611,0.37204486959535094,0.3833823927454799,0.46109999999999995,0.0,0.0,0.0,0.0,0.691,0.262,0.833,0.964,0.92,0.941,6,24
13.091139514606219,0.469,0.3873568972738066,0.38680701707182497,0.469,0.0,0.0,0.0,0.0,0.688,0.366,0.817,0.898,0.946,0.975,7,24
6.380493592911254,0.4568,0.35929216841876205,0.3683816361787144,0.4568,0.0,0.0,0.0,0.0,0.915,0.217,0.571,0.942,0.963,0.96,8,24
8.115533053303679,0.4617,0.3959793404552803,0.4067648247800356,0.4617000000000001,0.0,0.0,0.0,0.0,0.338,0.48,0.949,0.936,0.942,0.972,9,24
14.37485132278345,0.5083,0.406038467105115,0.37068195944257754,0.5083,0.938,0.967,0.483,0.842,0.853,1.0,0.0,0.0,0.0,0.0,10,24
16.164664705721336,0.5,0.39486911272849357,0.3583747934080838,0.5,0.882,0.961,0.437,0.833,0.888,0.999,0.0,0.0,0.0,0.0,11,24
13.205764031638733,0.515,0.41007073310119796,0.3627656712488846,0.515,0.942,0.953,0.63,0.86,0.765,1.0,0.0,0.0,0.0,0.0,12,24
13.45628746782248,0.4918,0.3815784339828382,0.371113831224755,0.4918,0.891,0.952,0.256,0.893,0.926,1.0,0.0,0.0,0.0,0.0,13,24
13.14622597953382,0.4895,0.3787180432010392,0.367068037823193,0.48949999999999994,0.92,0.971,0.259,0.854,0.891,1.0,0.0,0.0,0.0,0.0,14,24
10.531190544652482,0.5183,0.3979543063887112,0.3662156510137764,0.5183,0.425,0.905,0.957,0.935,0.0,0.0,0.0,0.0,0.963,0.998,0,25
13.302421629238433,0.533,0.4125094323612055,0.365162220081364,0.533,0.589,0.896,0.943,0.931,0.0,0.0,0.0,0.0,0.974,0.997,1,25
12.570869820567365,0.5192,0.3975280008904142,0.36198021882474307,0.5192,0.437,0.905,0.949,0.927,0.0,0.0,0.0,0.0,0.977,0.997,2,25
7.135691955066718,0.4475,0.363443580632844,0.35755931430428267,0.44749999999999995,0.0,0.0,0.0,0.0,0.298,0.425,0.864,0.98,0.981,0.927,3,25
6.616929740570605,0.496,0.409151780597189,0.3921199115351859,0.4959999999999999,0.0,0.0,0.0,0.0,0.89,0.531,0.66,0.966,0.965,0.948,4,25
8.170853467795034,0.4829,0.40073431110020863,0.39541651172124725,0.48290000000000005,0.0,0.0,0.0,0.0,0.681,0.441,0.869,0.989,0.956,0.893,5,25
12.263864086077998,0.4677,0.37162666738840483,0.3757110643374343,0.46770000000000006,0.0,0.0,0.0,0.0,0.88,0.272,0.667,0.957,0.956,0.945,6,25
9.724362039718384,0.4756,0.3953976632156712,0.3915833182399453,0.4756,0.0,0.0,0.0,0.0,0.75,0.407,0.785,0.883,0.95,0.981,7,25
7.784496819249357,0.4725,0.393829497789726,0.3992482943948429,0.47250000000000003,0.0,0.0,0.0,0.0,0.752,0.331,0.804,0.949,0.939,0.95,8,25
8.191648841285096,0.4389,0.37183245229995976,0.4101586755024466,0.43889999999999996,0.0,0.0,0.0,0.0,0.148,0.435,0.97,0.917,0.938,0.981,9,25
15.115302226033073,0.5033,0.40098716081831987,0.374733711948363,0.5033000000000001,0.933,0.965,0.414,0.846,0.875,1.0,0.0,0.0,0.0,0.0,10,25
19.03233963232071,0.4997,0.39559049506569177,0.3610686486084148,0.4997,0.881,0.955,0.429,0.829,0.904,0.999,0.0,0.0,0.0,0.0,11,25
13.23566270255433,0.5161,0.4112865038208823,0.36444262215434636,0.5161,0.946,0.955,0.64,0.842,0.778,1.0,0.0,0.0,0.0,0.0,12,25
13.71131715987818,0.4947,0.38543574127282937,0.3663618513204635,0.49470000000000003,0.865,0.946,0.317,0.912,0.907,1.0,0.0,0.0,0.0,0.0,13,25
13.560484036089132,0.4885,0.3750949321961105,0.3644631427362441,0.4885,0.913,0.973,0.239,0.853,0.907,1.0,0.0,0.0,0.0,0.0,14,25
11.802069601540367,0.5219,0.40292184621888294,0.36662924972500527,0.5218999999999999,0.47,0.911,0.959,0.918,0.0,0.0,0.0,0.0,0.964,0.997,0,26
13.757649706575437,0.5333,0.4128506076713821,0.3650758189547739,0.5333,0.592,0.9,0.943,0.927,0.0,0.0,0.0,0.0,0.974,0.997,1,26
13.43417713664972,0.516,0.39406100461706295,0.36131940539665236,0.516,0.411,0.904,0.947,0.924,0.0,0.0,0.0,0.0,0.977,0.997,2,26
7.04421127109101,0.4499,0.36697410380215884,0.3594319999563965,0.4499000000000001,0.0,0.0,0.0,0.0,0.288,0.445,0.867,0.967,0.982,0.95,3,26
7.351782177202999,0.4997,0.4081368591003378,0.3839912809373757,0.4997,0.0,0.0,0.0,0.0,0.835,0.56,0.734,0.923,0.971,0.974,4,26
7.806502597400556,0.4359,0.3588089124624254,0.37323568844389776,0.4359,0.0,0.0,0.0,0.0,0.419,0.358,0.917,0.997,0.96,0.708,5,26
11.429270659011012,0.4688,0.378407401977959,0.38004451573157993,0.4688,0.0,0.0,0.0,0.0,0.78,0.315,0.76,0.917,0.949,0.967,6,26
11.9139632813085,0.4843,0.4055941693656263,0.3929379059247752,0.4843,0.0,0.0,0.0,0.0,0.682,0.508,0.813,0.912,0.957,0.971,7,26
6.889287592884831,0.4574,0.37891372502717274,0.39275245790401564,0.4574,0.0,0.0,0.0,0.0,0.576,0.288,0.878,0.912,0.95,0.97,8,26
8.712698505328486,0.4558,0.3893349969968566,0.40301321396001966,0.4558,0.0,0.0,0.0,0.0,0.245,0.488,0.958,0.947,0.952,0.968,9,26
15.37818279510108,0.5048,0.40250905722579855,0.3703279350244734,0.5048,0.932,0.967,0.458,0.822,0.869,1.0,0.0,0.0,0.0,0.0,10,26
21.645262517106417,0.496,0.3909120840851657,0.35810632647944884,0.4960000000000001,0.875,0.955,0.38,0.828,0.923,0.999,0.0,0.0,0.0,0.0,11,26
14.143816829108582,0.5162,0.41199837706275133,0.36627763752538406,0.5162,0.946,0.949,0.621,0.856,0.79,1.0,0.0,0.0,0.0,0.0,12,26
13.899579089289656,0.4962,0.38764110050349226,0.3628005658723184,0.4962,0.838,0.95,0.35,0.923,0.901,1.0,0.0,0.0,0.0,0.0,13,26
13.906974259275978,0.4893,0.37786604431096327,0.3678128449976312,0.48930000000000007,0.924,0.973,0.249,0.836,0.911,1.0,0.0,0.0,0.0,0.0,14,26
12.651562757766285,0.522,0.4028123668010409,0.3662939574257505,0.522,0.47,0.912,0.959,0.918,0.0,0.0,0.0,0.0,0.964,0.997,0,27
14.158954326337138,0.5339,0.41340860908285604,0.36514430698674816,0.5339,0.598,0.901,0.944,0.926,0.0,0.0,0.0,0.0,0.973,0.997,1,27
14.020169137765805,0.5174,0.395771671999973,0.36198197503875246,0.5174000000000001,0.426,0.904,0.948,0.922,0.0,0.0,0.0,0.0,0.977,0.997,2,27
7.167579305057709,0.4681,0.38436039000262257,0.3708651731621942,0.4681,0.0,0.0,0.0,0.0,0.461,0.479,0.86,0.983,0.979,0.919,3,27
7.1055371487102565,0.4805,0.3955747831648536,0.37951956052426356,0.4805,0.0,0.0,0.0,0.0,0.935,0.519,0.466,0.95,0.97,0.965,4,27
8.167563610564406,0.4752,0.3984022737540126,0.3910514615775869,0.47519999999999996,0.0,0.0,0.0,0.0,0.494,0.491,0.89,0.977,0.973,0.927,5,27
11.1655719577314,0.4531,0.36455610261872007,0.3751756775951729,0.45310000000000006,0.0,0.0,0.0,0.0,0.545,0.257,0.869,0.936,0.959,0.965,6,27
14.84814668691958,0.477,0.39618941385023576,0.38800640266477815,0.477,0.0,0.0,0.0,0.0,0.646,0.444,0.832,0.926,0.956,0.966,7,27
9.223012844975383,0.4591,0.37758698343608393,0.3878943879637721,0.4591,0.0,0.0,0.0,0.0,0.573,0.293,0.872,0.945,0.95,0.958,8,27
7.649990358291723,0.4712,0.40190737146186634,0.40296715524797044,0.47119999999999995,0.0,0.0,0.0,0.0,0.426,0.505,0.933,0.903,0.962,0.983,9,27
16.11683591105306,0.5043,0.4018639417441988,0.374102292417704,0.5043,0.93,0.968,0.418,0.864,0.863,1.0,0.0,0.0,0.0,0.0,10,27
23.669450184026847,0.4998,0.396225799997806,0.3627438475661407,0.4997999999999999,0.89,0.951,0.417,0.834,0.907,0.999,0.0,0.0,0.0,0.0,11,27
13.923321577687615,0.5136,0.4084981835422347,0.3601330631971398,0.5136000000000001,0.92,0.926,0.651,0.879,0.76,1.0,0.0,0.0,0.0,0.0,12,27
13.753739321955477,0.4964,0.3872810211247589,0.3658208431858912,0.49640000000000006,0.883,0.961,0.325,0.882,0.913,1.0,0.0,0.0,0.0,0.0,13,27
14.110215380549812,0.4853,0.37094829372326543,0.36636900675325607,0.48529999999999995,0.915,0.971,0.204,0.868,0.895,1.0,0.0,0.0,0.0,0.0,14,27
13.320315207155367,0.519,0.3990715231887243,0.3648563026899754,0.5189999999999999,0.438,0.912,0.958,0.921,0.0,0.0,0.0,0.0,0.964,0.997,0,28
14.520296124223703,0.5341,0.41360239463279286,0.3651908326372571,0.5341,0.6,0.901,0.944,0.926,0.0,0.0,0.0,0.0,0.973,0.997,1,28
14.50091293749337,0.518,0.39643242996147643,0.36179417467995234,0.518,0.432,0.904,0.948,0.922,0.0,0.0,0.0,0.0,0.977,0.997,2,28
7.511835799049646,0.4167,0.3276570677335746,0.32829936515677216,0.41669999999999996,0.0,0.0,0.0,0.0,0.008,0.458,0.822,0.984,0.986,0.909,3,28
6.822911270129414,0.4916,0.40511738680811016,0.38536607669784373,0.4915999999999999,0.0,0.0,0.0,0.0,0.883,0.551,0.599,0.964,0.964,0.955,4,28
8.43093731075811,0.4755,0.392902652023953,0.38669034475332953,0.4755,0.0,0.0,0.0,0.0,0.585,0.435,0.886,0.987,0.966,0.896,5,28
10.942977506131792,0.4552,0.3519666509866162,0.3682271900096739,0.45520000000000005,0.0,0.0,0.0,0.0,0.731,0.163,0.791,0.955,0.962,0.95,6,28
9.804165171358152,0.4771,0.3925113160413959,0.3846650529555419,0.47709999999999997,0.0,0.0,0.0,0.0,0.869,0.419,0.635,0.934,0.952,0.962,7,28
6.96739308064738,0.4754,0.38073697134451534,0.3804918841494884,0.47539999999999993,0.0,0.0,0.0,0.0,0.87,0.312,0.701,0.957,0.961,0.953,8,28
9.593226253034208,0.4329,0.3599019909107871,0.37231858537537993,0.43289999999999995,0.0,0.0,0.0,0.0,0.149,0.414,0.961,0.866,0.951,0.988,9,28
15.541260903635726,0.5018,0.3992134438214453,0.37735987198444043,0.5018,0.929,0.97,0.391,0.835,0.893,1.0,0.0,0.0,0.0,0.0,10,28
24.72999481042734,0.5019,0.39844737194684415,0.3633166155746954,0.5019,0.89,0.95,0.435,0.844,0.901,0.999,0.0,0.0,0.0,0.0,11,28
13.87456440697082,0.5077,0.4040669976261202,0.35776515752649385,0.5077,0.899,0.879,0.687,0.902,0.71,1.0,0.0,0.0,0.0,0.0,12,28
14.730169578101307,0.4919,0.38074840839262625,0.36733761869551634,0.49190000000000006,0.86,0.949,0.279,0.924,0.907,1.0,0.0,0.0,0.0,0.0,13,28
14.888111733019162,0.486,0.3725594241380767,0.3679952684357396,0.48599999999999993,0.897,0.972,0.213,0.882,0.896,1.0,0.0,0.0,0.0,0.0,14,28
13.771612074428473,0.5191,0.3990056078746107,0.3649212611953293,0.5191,0.438,0.912,0.958,0.922,0.0,0.0,0.0,0.0,0.964,0.997,0,29
14.83020863822474,0.5344,0.4138834026941945,0.3653132572076013,0.5344,0.602,0.902,0.944,0.926,0.0,0.0,0.0,0.0,0.973,0.997,1,29
14.929897184950857,0.5182,0.39665646336915994,0.36186254067423923,0.5182,0.434,0.904,0.949,0.921,0.0,0.0,0.0,0.0,0.977,0.997,2,29
7.2827644127245525,0.4726,0.38738963654429953,0.3771626599155065,0.4725999999999999,0.0,0.0,0.0,0.0,0.582,0.445,0.841,0.99,0.973,0.895,3,29
7.61331915093687,0.4837,0.4042348514663443,0.38957763959368225,0.48369999999999996,0.0,0.0,0.0,0.0,0.952,0.567,0.442,0.946,0.963,0.967,4,29
7.621070423065283,0.4814,0.3991897034502372,0.3869376080391632,0.4814,0.0,0.0,0.0,0.0,0.611,0.5,0.858,0.984,0.96,0.901,5,29
13.196645805249199,0.4666,0.36853424535334167,0.3765183760320016,0.46659999999999996,0.0,0.0,0.0,0.0,0.82,0.238,0.748,0.954,0.96,0.946,6,29
12.812243676414123,0.4766,0.39427397019644117,0.39118108328370715,0.4765999999999999,0.0,0.0,0.0,0.0,0.705,0.384,0.813,0.948,0.957,0.959,7,29
8.9592813798033,0.435,0.3553190485586133,0.378754602503623,0.43500000000000005,0.0,0.0,0.0,0.0,0.311,0.249,0.939,0.972,0.942,0.937,8,29
8.766624319667633,0.4905,0.4165169971465758,0.4088949416685395,0.49050000000000005,0.0,0.0,0.0,0.0,0.625,0.528,0.893,0.942,0.946,0.971,9,29
15.969781075803617,0.5057,0.40210520615527806,0.3714645594487788,0.5057,0.901,0.976,0.442,0.827,0.911,1.0,0.0,0.0,0.0,0.0,10,29
25.54902413706429,0.5023,0.3990182754443347,0.3636560959526699,0.5023,0.89,0.949,0.441,0.847,0.897,0.999,0.0,0.0,0.0,0.0,11,29
14.817089578975885,0.5168,0.41212190581902586,0.3647723559683384,0.5167999999999999,0.925,0.948,0.632,0.861,0.802,1.0,0.0,0.0,0.0,0.0,12,29
14.905479064002966,0.4943,0.3831470601132678,0.36986301052673215,0.49429999999999996,0.901,0.964,0.277,0.893,0.908,1.0,0.0,0.0,0.0,0.0,13,29
14.686160182038815,0.4878,0.3740777355052124,0.3688872898321852,0.4878,0.917,0.973,0.223,0.867,0.898,1.0,0.0,0.0,0.0,0.0,14,29
14.19563418379226,0.5185,0.3982743975218298,0.36495910619860883,0.5185000000000001,0.432,0.911,0.958,0.923,0.0,0.0,0.0,0.0,0.964,0.997,0,30
15.098617684726898,0.5344,0.4138714998368468,0.36522255670682124,0.5344,0.602,0.903,0.943,0.926,0.0,0.0,0.0,0.0,0.973,0.997,1,30
15.295738157753746,0.5189,0.3974495101967884,0.362322878041388,0.5189,0.44,0.904,0.95,0.921,0.0,0.0,0.0,0.0,0.977,0.997,2,30
6.88266869855765,0.4707,0.3878037856286124,0.37037074244825163,0.4707,0.0,0.0,0.0,0.0,0.412,0.53,0.863,0.969,0.98,0.953,3,30
9.053014519115607,0.5015,0.41327153450168475,0.3926362346768909,0.5015000000000001,0.0,0.0,0.0,0.0,0.831,0.562,0.757,0.962,0.953,0.95,4,30
8.980029481668442,0.4922,0.4100628506603597,0.3962602194786036,0.49219999999999997,0.0,0.0,0.0,0.0,0.715,0.503,0.831,0.977,0.972,0.924,5,30
11.193919890223981,0.4659,0.36782172606031627,0.3754269350365069,0.4659,0.0,0.0,0.0,0.0,0.782,0.235,0.767,0.964,0.965,0.946,6,30
15.054529133696144,0.4651,0.3873391104313904,0.390154063545528,0.46509999999999996,0.0,0.0,0.0,0.0,0.554,0.37,0.87,0.946,0.952,0.959,7,30
10.061979580230226,0.45,0.3660973648893745,0.3828272396367158,0.45,0.0,0.0,0.0,0.0,0.494,0.244,0.893,0.963,0.96,0.946,8,30
11.086431576421086,0.4731,0.40853579149519026,0.4083044649631734,0.47309999999999997,0.0,0.0,0.0,0.0,0.271,0.64,0.957,0.934,0.958,0.971,9,30
17.16073063920481,0.5054,0.4029293008604714,0.37292172132850065,0.5054000000000001,0.923,0.969,0.425,0.866,0.871,1.0,0.0,0.0,0.0,0.0,10,30
26.24912368908477,0.5025,0.3992802864338606,0.3634824992349709,0.5025000000000001,0.889,0.949,0.445,0.849,0.894,0.999,0.0,0.0,0.0,0.0,11,30
14.831908588592237,0.5173,0.4121851765485666,0.3636636755760013,0.5173,0.916,0.941,0.646,0.881,0.789,1.0,0.0,0.0,0.0,0.0,12,30
15.116270542144775,0.4923,0.38228407607695253,0.35585916332635986,0.4923,0.791,0.963,0.35,0.931,0.888,1.0,0.0,0.0,0.0,0.0,13,30
15.655104908318565,0.4899,0.3783955321370357,0.36412911499952244,0.4899000000000001,0.899,0.975,0.265,0.87,0.89,1.0,0.0,0.0,0.0,0.0,14,30
14.537475157850466,0.5183,0.39797039944081875,0.3649416674733705,0.5183,0.43,0.909,0.956,0.925,0.0,0.0,0.0,0.0,0.965,0.998,0,31
15.343285607834593,0.5347,0.4141088420944918,0.36519459992166553,0.5347,0.604,0.904,0.943,0.926,0.0,0.0,0.0,0.0,0.973,0.997,1,31
15.644601537015872,0.5188,0.3974371862039397,0.36228145293493136,0.5187999999999999,0.44,0.903,0.95,0.921,0.0,0.0,0.0,0.0,0.977,0.997,2,31
8.497953103373225,0.4411,0.36739768506576415,0.3655286851816191,0.44109999999999994,0.0,0.0,0.0,0.0,0.039,0.527,0.964,0.953,0.965,0.963,3,31
7.827397438664787,0.4637,0.3776828407543852,0.36648928042214346,0.46369999999999995,0.0,0.0,0.0,0.0,0.972,0.479,0.287,0.964,0.977,0.958,4,31
7.312072319725451,0.4636,0.3886552451565855,0.38627446719383574,0.4636,0.0,0.0,0.0,0.0,0.355,0.472,0.94,0.979,0.962,0.928,5,31
13.107947543025398,0.4711,0.3758893295814673,0.3771438981580303,0.47109999999999996,0.0,0.0,0.0,0.0,0.79,0.288,0.761,0.958,0.963,0.951,6,31
16.455749429452915,0.467,0.3921043697457435,0.3949097846210124,0.46699999999999997,0.0,0.0,0.0,0.0,0.556,0.389,0.866,0.939,0.958,0.962,7,31
5.343810332849765,0.4608,0.37820323201881245,0.3923952123509599,0.4608,0.0,0.0,0.0,0.0,0.627,0.259,0.862,0.962,0.952,0.946,8,31
9.323995117181406,0.4686,0.4041601583241878,0.41338519976189525,0.4686,0.0,0.0,0.0,0.0,0.304,0.555,0.949,0.939,0.966,0.973,9,31
18.195589735865973,0.512,0.4115530202274752,0.376662650998189,0.5119999999999999,0.945,0.971,0.511,0.841,0.852,1.0,0.0,0.0,0.0,0.0,10,31
26.8388789149519,0.5027,0.39943478562184376,0.36349131900216114,0.5026999999999999,0.889,0.949,0.446,0.851,0.893,0.999,0.0,0.0,0.0,0.0,11,31
14.181161351858998,0.5146,0.40918560800889947,0.36175395429546675,0.5146,0.94,0.971,0.636,0.801,0.798,1.0,0.0,0.0,0.0,0.0,12,31
14.896737042326516,0.4879,0.37895128702750025,0.3541683079730605,0.48789999999999994,0.767,0.961,0.313,0.923,0.915,1.0,0.0,0.0,0.0,0.0,13,31
16.070339489287843,0.4885,0.3748645374887713,0.3673456856238027,0.4885,0.912,0.975,0.231,0.882,0.885,1.0,0.0,0.0,0.0,0.0,14,31
14.837001075379003,0.5178,0.3973420043664735,0.3646126500639829,0.5178,0.426,0.909,0.955,0.925,0.0,0.0,0.0,0.0,0.965,0.998,0,32
15.570811769832819,0.5348,0.41417287131177005,0.36516063861977965,0.5347999999999999,0.605,0.904,0.943,0.926,0.0,0.0,0.0,0.0,0.973,0.997,1,32
15.952234437290471,0.5187,0.39731529810994815,0.3621537598765123,0.5187,0.439,0.904,0.95,0.92,0.0,0.0,0.0,0.0,0.977,0.997,2,32
12.48292111436399,0.4132,0.31979905275253556,0.4098426301133126,0.41319999999999996,0.0,0.0,0.0,0.0,0.001,0.522,0.698,0.972,0.992,0.947,3,32
7.8415557972539345,0.5031,0.41696800593844047,0.39358543866828233,0.5031,0.0,0.0,0.0,0.0,0.911,0.616,0.621,0.953,0.967,0.963,4,32
6.260532522353882,0.4409,0.36221977043659254,0.40958051396220885,0.44089999999999996,0.0,0.0,0.0,0.0,0.145,0.506,0.852,0.968,0.985,0.953,5,32
15.344309553932458,0.4572,0.3654183387713009,0.37466764180134604,0.4572,0.0,0.0,0.0,0.0,0.591,0.25,0.864,0.957,0.959,0.951,6,32
18.00074945394985,0.4657,0.3922760305397081,0.3970821013986593,0.4657,0.0,0.0,0.0,0.0,0.535,0.39,0.881,0.94,0.95,0.961,7,32
7.490847461139813,0.4563,0.3811331213140136,0.3955076663971272,0.4563,0.0,0.0,0.0,0.0,0.471,0.322,0.909,0.963,0.954,0.944,8,32
10.568016628106943,0.4873,0.424361703746529,0.42628172046992574,0.48729999999999996,0.0,0.0,0.0,0.0,0.469,0.594,0.936,0.953,0.954,0.967,9,32
16.573662604005953,0.5117,0.40890825932845354,0.37487359339082654,0.5117,0.902,0.976,0.496,0.842,0.901,1.0,0.0,0.0,0.0,0.0,10,32
27.36117207280363,0.503,0.3997194678291267,0.36377373170408883,0.5029999999999999,0.889,0.949,0.446,0.854,0.893,0.999,0.0,0.0,0.0,0.0,11,32
14.945794087248489,0.5137,0.4087505315274694,0.3616774135948141,0.5137,0.945,0.969,0.641,0.826,0.756,1.0,0.0,0.0,0.0,0.0,12,32
16.25557257039859,0.497,0.3892289026611821,0.36412109523072556,0.49700000000000005,0.85,0.961,0.352,0.896,0.911,1.0,0.0,0.0,0.0,0.0,13,32
15.611897331457168,0.4839,0.36958596634317387,0.3663107226721454,0.48390000000000005,0.912,0.971,0.205,0.88,0.871,1.0,0.0,0.0,0.0,0.0,14,32
15.102551601946164,0.5175,0.3969897300547907,0.3650333264907587,0.5175,0.422,0.91,0.955,0.925,0.0,0.0,0.0,0.0,0.965,0.998,0,33
15.778125511571622,0.5348,0.41415288638393194,0.36512439538995023,0.5347999999999999,0.605,0.904,0.943,0.926,0.0,0.0,0.0,0.0,0.973,0.997,1,33
16.221647786637085,0.5189,0.39750164827079937,0.36215393340290597,0.5189,0.44,0.904,0.951,0.92,0.0,0.0,0.0,0.0,0.977,0.997,2,33
10.605622725745741,0.4386,0.37247075693673226,0.37466166894080477,0.4386,0.0,0.0,0.0,0.0,0.009,0.593,0.989,0.966,0.88,0.949,3,33
6.758599917347819,0.4987,0.40219317659055964,0.3745863979736576,0.49870000000000003,0.0,0.0,0.0,0.0,0.902,0.555,0.645,0.965,0.968,0.952,4,33
9.37143039474853,0.4891,0.4134274837773809,0.4009416027652869,0.4891,0.0,0.0,0.0,0.0,0.534,0.563,0.912,0.962,0.967,0.953,5,33
16.496709547865507,0.4608,0.36992589666991377,0.3755270715633108,0.46080000000000004,0.0,0.0,0.0,0.0,0.606,0.278,0.853,0.953,0.962,0.956,6,33
18.911507874632033,0.4662,0.39244715631331223,0.39696245342610587,0.4662,0.0,0.0,0.0,0.0,0.538,0.39,0.882,0.943,0.95,0.959,7,33
9.623195707607573,0.4588,0.3802303511566282,0.39255351140007144,0.4588,0.0,0.0,0.0,0.0,0.503,0.309,0.906,0.965,0.956,0.949,8,33
9.497172615398615,0.4658,0.395209114000944,0.391809211600017,0.46580000000000005,0.0,0.0,0.0,0.0,0.293,0.543,0.953,0.945,0.95,0.974,9,33
16.358606151117684,0.51,0.4077099881309394,0.37274274498113935,0.51,0.926,0.974,0.488,0.826,0.886,1.0,0.0,0.0,0.0,0.0,10,33
27.822668261421374,0.5031,0.3998293584503176,0.36381238009155703,0.5031000000000001,0.888,0.949,0.447,0.855,0.893,0.999,0.0,0.0,0.0,0.0,11,33
13.805914912360926,0.5038,0.3985493454037519,0.35413065966769014,0.5038,0.91,0.954,0.554,0.747,0.873,1.0,0.0,0.0,0.0,0.0,12,33
15.785832680833225,0.49,0.37923958112388234,0.3633200815386202,0.49000000000000005,0.833,0.96,0.29,0.929,0.888,1.0,0.0,0.0,0.0,0.0,13,33
16.537521328788976,0.4861,0.3699092966006844,0.36313635065402006,0.4861,0.893,0.974,0.211,0.89,0.893,1.0,0.0,0.0,0.0,0.0,14,33
15.355358876359348,0.5175,0.3968911437213781,0.364953760912318,0.5175,0.421,0.91,0.955,0.925,0.0,0.0,0.0,0.0,0.966,0.998,0,34
15.965241841995677,0.5348,0.41415811102058486,0.3651323347084889,0.5347999999999999,0.605,0.904,0.943,0.926,0.0,0.0,0.0,0.0,0.973,0.997,1,34
16.484623860246458,0.5189,0.39753465080744765,0.3624019366563969,0.5189,0.44,0.904,0.951,0.92,0.0,0.0,0.0,0.0,0.977,0.997,2,34
7.392274448285088,0.4871,0.39803897485879247,0.38311365178844176,0.4871,0.0,0.0,0.0,0.0,0.682,0.455,0.84,0.971,0.974,0.949,3,34
9.128878308561282,0.5018,0.4131483024536175,0.3905186608229084,0.5018,0.0,0.0,0.0,0.0,0.897,0.582,0.66,0.958,0.963,0.958,4,34
11.180943729778448,0.4092,0.33069445027653105,0.38625930167992495,0.40919999999999995,0.0,0.0,0.0,0.0,0.011,0.353,0.97,0.989,0.952,0.817,5,34
17.352403799184977,0.4567,0.36800004872464603,0.3741325760323756,0.45669999999999994,0.0,0.0,0.0,0.0,0.548,0.282,0.869,0.955,0.962,0.951,6,34
19.590657895365464,0.4665,0.3929489466209605,0.3971046224944338,0.4665,0.0,0.0,0.0,0.0,0.539,0.394,0.88,0.945,0.949,0.958,7,34
11.195263961633554,0.461,0.37530386971550295,0.38831764205181024,0.461,0.0,0.0,0.0,0.0,0.632,0.262,0.877,0.961,0.933,0.945,8,34
8.02244451632515,0.4685,0.40528872736811206,0.41925127318962624,0.4685,0.0,0.0,0.0,0.0,0.361,0.514,0.943,0.928,0.959,0.98,9,34
18.16079047693612,0.4981,0.39113127026697,0.36985280754455785,0.4981,0.883,0.979,0.351,0.863,0.905,1.0,0.0,0.0,0.0,0.0,10,34
28.237631928806486,0.5032,0.3999990229547281,0.36396814964209606,0.5032,0.888,0.949,0.448,0.855,0.893,0.999,0.0,0.0,0.0,0.0,11,34
14.799361791092748,0.5002,0.3965735667958194,0.356534209711747,0.5002,0.923,0.964,0.638,0.648,0.829,1.0,0.0,0.0,0.0,0.0,12,34
15.657402945021852,0.5088,0.4020532784126686,0.37186149332145735,0.5088,0.905,0.964,0.431,0.902,0.886,1.0,0.0,0.0,0.0,0.0,13,34
15.644784046819035,0.4819,0.36335101820256877,0.3607514665410297,0.4819,0.882,0.974,0.166,0.894,0.903,1.0,0.0,0.0,0.0,0.0,14,34
15.578363048382842,0.5172,0.3965200064602511,0.3647722228394656,0.5172000000000001,0.418,0.91,0.955,0.925,0.0,0.0,0.0,0.0,0.966,0.998,0,35
16.146119236565244,0.5345,0.41385793478342425,0.364944663697375,0.5345,0.603,0.903,0.943,0.926,0.0,0.0,0.0,0.0,0.973,0.997,1,35
16.720873710827323,0.5188,0.39748514924648354,0.36238057794810974,0.5188,0.44,0.904,0.951,0.919,0.0,0.0,0.0,0.0,0.977,0.997,2,35
8.486105849567693,0.4902,0.39922311830223733,0.3853970948442794,0.4902,0.0,0.0,0.0,0.0,0.793,0.435,0.777,0.972,0.977,0.948,3,35
9.285409417015295,0.5002,0.4113826123750385,0.386520367384579,0.5002000000000001,0.0,0.0,0.0,0.0,0.643,0.595,0.88,0.949,0.969,0.966,4,35
9.895243832097648,0.5087,0.42286064680905255,0.401735162681048,0.5086999999999999,0.0,0.0,0.0,0.0,0.786,0.589,0.833,0.969,0.966,0.944,5,35
13.537905475202079,0.4603,0.3657653265636962,0.37404888679439585,0.4603,0.0,0.0,0.0,0.0,0.673,0.243,0.821,0.956,0.96,0.95,6,35
20.17840272702348,0.4673,0.3935401680883049,0.39740777072549094,0.4673,0.0,0.0,0.0,0.0,0.549,0.394,0.878,0.946,0.948,0.958,7,35
11.83760115132926,0.4618,0.3803621324711064,0.39110896057018557,0.46180000000000004,0.0,0.0,0.0,0.0,0.589,0.294,0.881,0.96,0.947,0.947,8,35
9.560386771972949,0.4616,0.39819213516735547,0.421348707394269,0.46159999999999995,0.0,0.0,0.0,0.0,0.261,0.522,0.956,0.959,0.952,0.966,9,35
17.05554792446831,0.5002,0.3947081201284536,0.3756808168392764,0.5002,0.939,0.975,0.367,0.813,0.908,1.0,0.0,0.0,0.0,0.0,10,35
28.61497569769716,0.5032,0.39999183306036573,0.3640063692182072,0.5032,0.888,0.949,0.447,0.856,0.893,0.999,0.0,0.0,0.0,0.0,11,35
15.75370865965042,0.5188,0.411973337767392,0.3620348571385875,0.5188,0.916,0.961,0.62,0.884,0.807,1.0,0.0,0.0,0.0,0.0,12,35
16.38931232519424,0.498,0.3899605276502632,0.35978801033000724,0.49799999999999994,0.793,0.954,0.403,0.949,0.881,1.0,0.0,0.0,0.0,0.0,13,35
16.048790687951037,0.4951,0.38277009566173925,0.36694494918905585,0.4951,0.899,0.97,0.286,0.908,0.888,1.0,0.0,0.0,0.0,0.0,14,35
15.7859915041695,0.5165,0.3957441295879175,0.364537156327715,0.5165,0.412,0.91,0.954,0.925,0.0,0.0,0.0,0.0,0.966,0.998,0,36
16.309764622880248,0.5347,0.41404287347194957,0.36504914679170597,0.5347,0.604,0.904,0.943,0.926,0.0,0.0,0.0,0.0,0.973,0.997,1,36
16.945317055089784,0.5187,0.39738586474000515,0.3623536342905198,0.5187,0.439,0.904,0.951,0.919,0.0,0.0,0.0,0.0,0.977,0.997,2,36
11.798494719849607,0.4151,0.31918793659446976,0.3165829859328692,0.41509999999999997,0.0,0.0,0.0,0.0,0.0,0.401,0.848,0.947,0.989,0.966,3,36
11.02740930216,0.4909,0.4100357733032037,0.3958658994054332,0.4909,0.0,0.0,0.0,0.0,0.928,0.558,0.569,0.956,0.943,0.955,4,36
8.618729944046313,0.496,0.4198734262601393,0.4030531327992577,0.496,0.0,0.0,0.0,0.0,0.577,0.616,0.897,0.927,0.968,0.975,5,36
15.338129819010774,0.4599,0.3711181075330001,0.3759697909667662,0.4598999999999999,0.0,0.0,0.0,0.0,0.568,0.294,0.871,0.954,0.961,0.951,6,36
20.665241728956325,0.4675,0.3938165818307727,0.39748665907085756,0.46749999999999997,0.0,0.0,0.0,0.0,0.551,0.396,0.877,0.947,0.948,0.956,7,36
12.370682714846188,0.4646,0.38094846110435476,0.38874380505316697,0.4646,0.0,0.0,0.0,0.0,0.625,0.301,0.866,0.959,0.947,0.948,8,36
9.760087837426425,0.4731,0.4020967446607486,0.405945205941895,0.47309999999999997,0.0,0.0,0.0,0.0,0.463,0.454,0.932,0.967,0.961,0.954,9,36
18.530519512895577,0.508,0.4062648320918482,0.37470344477015605,0.508,0.931,0.966,0.445,0.885,0.853,1.0,0.0,0.0,0.0,0.0,10,36
28.954362293401847,0.5032,0.40001057335467677,0.3640371686571639,0.5032,0.888,0.949,0.447,0.856,0.893,0.999,0.0,0.0,0.0,0.0,11,36
15.176536398573806,0.5185,0.4123375696500021,0.36369029554684085,0.5185,0.912,0.968,0.615,0.861,0.829,1.0,0.0,0.0,0.0,0.0,12,36
17.596735475924067,0.488,0.3763455652347414,0.38354216643701927,0.488,0.94,0.961,0.191,0.849,0.939,1.0,0.0,0.0,0.0,0.0,13,36
15.560120401291039,0.4911,0.38097957553181433,0.3547176537589725,0.4911,0.916,0.987,0.368,0.78,0.86,1.0,0.0,0.0,0.0,0.0,14,36
15.979818243569078,0.5161,0.3952674334322476,0.3644617470320108,0.5161,0.408,0.91,0.954,0.925,0.0,0.0,0.0,0.0,0.966,0.998,0,37
16.465632947489095,0.5345,0.4138442860935923,0.36486619118414354,0.5345,0.603,0.904,0.943,0.925,0.0,0.0,0.0,0.0,0.973,0.997,1,37
17.14527562784311,0.5187,0.39740204800117257,0.362379147791598,0.5187,0.439,0.904,0.951,0.919,0.0,0.0,0.0,0.0,0.977,0.997,2,37
9.08827121113055,0.4952,0.40472459618139356,0.38704268678816967,0.4952,0.0,0.0,0.0,0.0,0.758,0.483,0.823,0.953,0.971,0.964,3,37
7.100719930264897,0.5003,0.41495329913414,0.3944999090237988,0.5003,0.0,0.0,0.0,0.0,0.675,0.575,0.876,0.956,0.967,0.954,4,37
10.506391223627157,0.4297,0.3512287920432941,0.40450441479977706,0.42969999999999997,0.0,0.0,0.0,0.0,0.001,0.466,0.968,0.981,0.966,0.915,5,37
16.55113008304145,0.4591,0.37212402664893973,0.377100666896797,0.4591,0.0,0.0,0.0,0.0,0.543,0.303,0.881,0.954,0.959,0.951,6,37
21.109726016132978,0.4678,0.39408647057914875,0.397740289784053,0.4678000000000001,0.0,0.0,0.0,0.0,0.553,0.396,0.877,0.949,0.947,0.956,7,37
12.83711844130446,0.4656,0.3803849707239179,0.38755848548028615,0.46560000000000007,0.0,0.0,0.0,0.0,0.641,0.298,0.863,0.959,0.947,0.948,8,37
9.27872988819695,0.463,0.39333448281324757,0.3978101546645759,0.46299999999999997,0.0,0.0,0.0,0.0,0.338,0.476,0.95,0.957,0.946,0.963,9,37
17.66301020113424,0.5119,0.4103227769526871,0.3713807672754004,0.5119,0.931,0.975,0.534,0.834,0.845,1.0,0.0,0.0,0.0,0.0,10,37
29.269355898847977,0.5032,0.40006986312330567,0.36411839967713416,0.5032,0.888,0.949,0.448,0.855,0.893,0.999,0.0,0.0,0.0,0.0,11,37
13.954660028695299,0.4999,0.3920937041235273,0.3452501393157466,0.49989999999999996,0.913,0.975,0.608,0.646,0.857,1.0,0.0,0.0,0.0,0.0,12,37
16.98843212554249,0.5114,0.4037793893218877,0.36689118261009923,0.5114,0.894,0.964,0.468,0.892,0.896,1.0,0.0,0.0,0.0,0.0,13,37
16.884185883945552,0.4933,0.38120308295820265,0.3703208661857718,0.49329999999999996,0.926,0.971,0.267,0.896,0.873,1.0,0.0,0.0,0.0,0.0,14,37
16.154049707296938,0.5161,0.3952581505400118,0.36444680652469913,0.5161,0.408,0.91,0.954,0.925,0.0,0.0,0.0,0.0,0.966,0.998,0,38
16.612541000683088,0.5345,0.4138442860935923,0.36486619118414354,0.5345,0.603,0.904,0.943,0.925,0.0,0.0,0.0,0.0,0.973,0.997,1,38
17.338391252219104,0.5184,0.39711004114012616,0.36226244025742965,0.5184,0.437,0.903,0.951,0.919,0.0,0.0,0.0,0.0,0.977,0.997,2,38
8.027260848127614,0.4957,0.40499031563461185,0.39038805957110556,0.4956999999999999,0.0,0.0,0.0,0.0,0.798,0.458,0.81,0.957,0.97,0.964,3,38
9.016993337545912,0.5025,0.4099782171211069,0.3829896716536544,0.5025,0.0,0.0,0.0,0.0,0.735,0.593,0.82,0.941,0.968,0.968,4,38
9.12523181141375,0.4665,0.3993214524160468,0.40310558084347575,0.4665,0.0,0.0,0.0,0.0,0.317,0.52,0.954,0.972,0.95,0.952,5,38
17.338524751388988,0.4566,0.3709975534783911,0.3758432561731396,0.4566,0.0,0.0,0.0,0.0,0.511,0.31,0.882,0.953,0.959,0.951,6,38
21.488099826410554,0.4675,0.3938008654601378,0.3976494788919766,0.4675000000000001,0.0,0.0,0.0,0.0,0.553,0.394,0.876,0.949,0.947,0.956,7,38
13.219151286652293,0.4657,0.3797882482905636,0.3866265630956012,0.4657,0.0,0.0,0.0,0.0,0.648,0.297,0.86,0.956,0.947,0.949,8,38
10.237300831669817,0.4363,0.36200401141280053,0.4352793618684698,0.43629999999999997,0.0,0.0,0.0,0.0,0.046,0.469,0.968,0.957,0.956,0.967,9,38
17.48370895751368,0.506,0.3997754906615601,0.37108717329797586,0.506,0.921,0.974,0.411,0.862,0.892,1.0,0.0,0.0,0.0,0.0,10,38
29.56278199509691,0.5032,0.40006106093721766,0.36418678567599894,0.5032,0.888,0.949,0.447,0.856,0.893,0.999,0.0,0.0,0.0,0.0,11,38
15.591235421336116,0.5093,0.4035011868942525,0.36084120121835017,0.5093,0.939,0.974,0.546,0.774,0.86,1.0,0.0,0.0,0.0,0.0,12,38
16.829654455946656,0.5117,0.40596228676027657,0.37208153593792914,0.5117,0.881,0.957,0.462,0.897,0.92,1.0,0.0,0.0,0.0,0.0,13,38
16.633511386359462,0.4973,0.3852233864338252,0.36570911529978517,0.49729999999999996,0.898,0.972,0.309,0.911,0.883,1.0,0.0,0.0,0.0,0.0,14,38
16.32358168336911,0.516,0.39514121017654197,0.3643992833819568,0.516,0.407,0.91,0.954,0.925,0.0,0.0,0.0,0.0,0.966,0.998,0,39
16.745141011076612,0.5346,0.41390632571279423,0.3649138646929807,0.5346,0.603,0.904,0.944,0.925,0.0,0.0,0.0,0.0,0.973,0.997,1,39
17.520476194997183,0.5182,0.3969127059476729,0.36232417296033603,0.5182,0.435,0.903,0.951,0.919,0.0,0.0,0.0,0.0,0.977,0.997,2,39
10.342360053199549,0.4968,0.40857076005232995,0.3942662204115538,0.4968,0.0,0.0,0.0,0.0,0.794,0.473,0.814,0.961,0.97,0.956,3,39
10.113342899103134,0.4954,0.398703966088541,0.37525183429457065,0.49539999999999995,0.0,0.0,0.0,0.0,0.905,0.504,0.652,0.949,0.976,0.968,4,39
7.672250620473307,0.5024,0.42256935901502846,0.40491637537398584,0.5024,0.0,0.0,0.0,0.0,0.758,0.564,0.817,0.972,0.969,0.944,5,39
17.871407911038627,0.4576,0.37190234941932293,0.37630597918630493,0.45760000000000006,0.0,0.0,0.0,0.0,0.517,0.313,0.881,0.954,0.959,0.952,6,39
21.838707701466717,0.4673,0.3938568971130275,0.39763904024686225,0.4673,0.0,0.0,0.0,0.0,0.554,0.395,0.872,0.949,0.947,0.956,7,39
13.537594840930293,0.4659,0.37954436736532904,0.3861063360311966,0.4659,0.0,0.0,0.0,0.0,0.651,0.297,0.858,0.956,0.947,0.95,8,39
13.666109045473531,0.4401,0.3704139807409519,0.4132125096378777,0.4401,0.0,0.0,0.0,0.0,0.073,0.491,0.971,0.954,0.949,0.963,9,39
16.99391658161395,0.5058,0.4024356924596314,0.3693048612252592,0.5058,0.931,0.972,0.434,0.878,0.843,1.0,0.0,0.0,0.0,0.0,10,39
29.833759000126165,0.5032,0.40005658253785087,0.3641231498840768,0.5032,0.888,0.949,0.447,0.856,0.893,0.999,0.0,0.0,0.0,0.0,11,39
16.817683390535105,0.5164,0.41001773320049734,0.3623463457803658,0.5164,0.938,0.971,0.583,0.842,0.83,1.0,0.0,0.0,0.0,0.0,12,39
17.660009387202155,0.514,0.4061979433123241,0.3735247049565184,0.514,0.912,0.966,0.456,0.891,0.915,1.0,0.0,0.0,0.0,0.0,13,39
17.477056226029564,0.4918,0.37909945184287164,0.3697744520396259,0.4917999999999999,0.924,0.968,0.262,0.908,0.856,1.0,0.0,0.0,0.0,0.0,14,39
16.479737071564404,0.516,0.39514121017654197,0.3643992833819568,0.516,0.407,0.91,0.954,0.925,0.0,0.0,0.0,0.0,0.966,0.998,0,40
16.8808646628651,0.5346,0.41390632571279423,0.3649138646929807,0.5346,0.603,0.904,0.944,0.925,0.0,0.0,0.0,0.0,0.973,0.997,1,40
17.684647645432346,0.5181,0.3968195753476428,0.36242455295346643,0.5181,0.434,0.903,0.951,0.919,0.0,0.0,0.0,0.0,0.977,0.997,2,40
8.740683673669736,0.4888,0.40887185618530386,0.39612049494709106,0.4888,0.0,0.0,0.0,0.0,0.572,0.526,0.907,0.963,0.966,0.954,3,40
7.562558724095646,0.4698,0.38527064512037984,0.3758803007089743,0.46979999999999994,0.0,0.0,0.0,0.0,0.465,0.444,0.898,0.958,0.976,0.957,4,40
10.017207535691917,0.4857,0.41452719509751484,0.4091085824572696,0.4857,0.0,0.0,0.0,0.0,0.524,0.533,0.92,0.956,0.967,0.957,5,40
18.368477099238874,0.4574,0.3717683459096838,0.3762087125027511,0.4574,0.0,0.0,0.0,0.0,0.515,0.313,0.881,0.954,0.959,0.952,6,40
22.169220768986417,0.4672,0.39391329461192093,0.39779885002166254,0.46719999999999995,0.0,0.0,0.0,0.0,0.555,0.395,0.871,0.949,0.947,0.955,7,40
13.823902341885308,0.4658,0.37929981881929786,0.3856867445758091,0.46580000000000005,0.0,0.0,0.0,0.0,0.655,0.297,0.853,0.956,0.947,0.95,8,40
11.810505809113621,0.4781,0.40920487964723523,0.4081127866041149,0.47809999999999997,0.0,0.0,0.0,0.0,0.444,0.528,0.934,0.943,0.962,0.97,9,40
19.195230794790834,0.5132,0.4084463901814902,0.36965653373391943,0.5132,0.934,0.972,0.5,0.865,0.861,1.0,0.0,0.0,0.0,0.0,10,40
30.08921188439805,0.5032,0.4001067631953819,0.36417045937130776,0.5032,0.888,0.949,0.447,0.856,0.893,0.999,0.0,0.0,0.0,0.0,11,40
16.53504798511347,0.5012,0.39482167818844544,0.3547043328240108,0.5012000000000001,0.941,0.975,0.444,0.771,0.881,1.0,0.0,0.0,0.0,0.0,12,40
17.662763382299257,0.501,0.39273204548005836,0.3528446746121135,0.501,0.762,0.97,0.474,0.942,0.862,1.0,0.0,0.0,0.0,0.0,13,40
18.61987299507799,0.4922,0.3791132858064366,0.36250109922438833,0.4922000000000001,0.895,0.967,0.265,0.919,0.876,1.0,0.0,0.0,0.0,0.0,14,40
16.622870108570915,0.516,0.3951037141348451,0.3643078969223146,0.516,0.407,0.91,0.954,0.925,0.0,0.0,0.0,0.0,0.966,0.998,0,41
17.006864073939216,0.5346,0.41390595009425135,0.36491352392893156,0.5346,0.603,0.904,0.944,0.925,0.0,0.0,0.0,0.0,0.973,0.997,1,41
17.84303551207716,0.5181,0.3968364322195149,0.36245216906144473,0.5181,0.434,0.903,0.951,0.919,0.0,0.0,0.0,0.0,0.977,0.997,2,41
8.889109785945271,0.4952,0.40432696329110057,0.38856325670411773,0.4952,0.0,0.0,0.0,0.0,0.845,0.468,0.77,0.926,0.97,0.973,3,41
9.235859037588199,0.4967,0.4163469322824026,0.39757733741524187,0.49670000000000003,0.0,0.0,0.0,0.0,0.569,0.602,0.916,0.947,0.969,0.964,4,41
8.546446888591534,0.472,0.39041411823312366,0.3905570572127058,0.472,0.0,0.0,0.0,0.0,0.597,0.412,0.91,0.995,0.962,0.844,5,41
18.78279794747837,0.4571,0.3714447649131517,0.37603622003287707,0.45709999999999995,0.0,0.0,0.0,0.0,0.511,0.312,0.883,0.954,0.959,0.952,6,41
22.471243657243136,0.4671,0.39385975058333955,0.3977885381005925,0.4671,0.0,0.0,0.0,0.0,0.554,0.395,0.871,0.949,0.947,0.955,7,41
14.081319664233028,0.466,0.3790650394799219,0.3852371237278166,0.466,0.0,0.0,0.0,0.0,0.658,0.297,0.853,0.955,0.947,0.95,8,41
10.496965481450383,0.4819,0.4138895234838015,0.41338885196310454,0.4819,0.0,0.0,0.0,0.0,0.466,0.536,0.937,0.963,0.958,0.959,9,41
18.28239551824503,0.5118,0.4074400003104405,0.3633878499993304,0.5118,0.929,0.967,0.543,0.877,0.802,1.0,0.0,0.0,0.0,0.0,10,41
30.328773446738147,0.5032,0.4001067631953819,0.36417045937130776,0.5032,0.888,0.949,0.447,0.856,0.893,0.999,0.0,0.0,0.0,0.0,11,41
15.888623170578441,0.5182,0.4115149719653492,0.36051257904444595,0.5182,0.916,0.976,0.638,0.835,0.817,1.0,0.0,0.0,0.0,0.0,12,41
14.515044314411883,0.5163,0.4099691453525593,0.37204279186781913,0.5163,0.915,0.961,0.508,0.898,0.881,1.0,0.0,0.0,0.0,0.0,13,41
18.23359955309298,0.4831,0.36573178840425413,0.3558949113956869,0.48310000000000003,0.908,0.98,0.211,0.867,0.865,1.0,0.0,0.0,0.0,0.0,14,41
16.770241684045274,0.5159,0.3950051684798976,0.3644246644273094,0.5159,0.406,0.91,0.954,0.925,0.0,0.0,0.0,0.0,0.966,0.998,0,42
17.120358326945443,0.5347,0.4139679940690197,0.3649612233651222,0.5347000000000001,0.603,0.904,0.945,0.925,0.0,0.0,0.0,0.0,0.973,0.997,1,42
17.989136444493987,0.5181,0.3968346510657838,0.3624490516341453,0.5181,0.434,0.903,0.951,0.919,0.0,0.0,0.0,0.0,0.977,0.997,2,42
7.992668423028038,0.5002,0.41072884393015024,0.3941258536577944,0.5002,0.0,0.0,0.0,0.0,0.782,0.493,0.841,0.95,0.97,0.966,3,42
12.546781833941182,0.5021,0.42046607593460117,0.4034171835077675,0.5021,0.0,0.0,0.0,0.0,0.689,0.564,0.892,0.942,0.969,0.965,4,42
10.076521635817263,0.462,0.3974970287870939,0.42055700017124054,0.462,0.0,0.0,0.0,0.0,0.271,0.52,0.944,0.967,0.968,0.95,5,42
19.171404859890192,0.4566,0.37108266448727534,0.37586305640565604,0.4566,0.0,0.0,0.0,0.0,0.508,0.311,0.882,0.953,0.959,0.953,6,42
22.741140036537242,0.4672,0.39406327601457114,0.3981011828383629,0.46719999999999995,0.0,0.0,0.0,0.0,0.555,0.395,0.871,0.949,0.947,0.955,7,42
14.306837915231625,0.4662,0.3791779963542771,0.3852783894829904,0.4662,0.0,0.0,0.0,0.0,0.659,0.297,0.852,0.955,0.947,0.952,8,42
12.747327438939493,0.4757,0.4083937082722689,0.41060516465588137,0.47569999999999996,0.0,0.0,0.0,0.0,0.376,0.544,0.946,0.962,0.97,0.959,9,42
18.490087131341806,0.5048,0.4018133574294587,0.3713466979867814,0.5048,0.909,0.97,0.416,0.883,0.87,1.0,0.0,0.0,0.0,0.0,10,42
30.556631079116187,0.5032,0.40013697061428577,0.3642787802678063,0.5032,0.888,0.949,0.447,0.856,0.893,0.999,0.0,0.0,0.0,0.0,11,42
16.731482045719037,0.5184,0.41186658940402127,0.3629306880304949,0.5184,0.92,0.967,0.616,0.859,0.822,1.0,0.0,0.0,0.0,0.0,12,42
17.48524001612069,0.5147,0.4061798932636034,0.3595758585458853,0.5146999999999999,0.898,0.874,0.6,0.938,0.837,1.0,0.0,0.0,0.0,0.0,13,42
19.32555494826442,0.4893,0.37248423232834077,0.3652485650216706,0.48930000000000007,0.921,0.973,0.214,0.907,0.878,1.0,0.0,0.0,0.0,0.0,14,42
16.9034695655774,0.5159,0.3950051684798976,0.3644246644273094,0.5159,0.406,0.91,0.954,0.925,0.0,0.0,0.0,0.0,0.966,0.998,0,43
17.23632794218703,0.5348,0.4140705410864284,0.3650222680746449,0.5347999999999999,0.604,0.904,0.945,0.925,0.0,0.0,0.0,0.0,0.973,0.997,1,43
18.133132480584774,0.5179,0.39666235480019923,0.3623655244561834,0.5179,0.433,0.903,0.951,0.918,0.0,0.0,0.0,0.0,0.977,0.997,2,43
7.849475660263159,0.4931,0.3992795052127814,0.38064876615977095,0.4931,0.0,0.0,0.0,0.0,0.817,0.462,0.754,0.951,0.979,0.968,3,43
10.106145311849186,0.4892,0.4078550466977928,0.3972221474569345,0.4892,0.0,0.0,0.0,0.0,0.608,0.489,0.911,0.955,0.966,0.963,4,43
11.243963556929518,0.4665,0.40206849637692105,0.41245122953315516,0.4664999999999999,0.0,0.0,0.0,0.0,0.288,0.548,0.956,0.965,0.957,0.951,5,43
19.50716570314889,0.4565,0.37117414489113176,0.3758494584219429,0.45649999999999996,0.0,0.0,0.0,0.0,0.505,0.313,0.883,0.952,0.958,0.954,6,43
23.00100185162724,0.4673,0.39414803549250366,0.3982687406755038,0.4673,0.0,0.0,0.0,0.0,0.554,0.395,0.873,0.949,0.947,0.955,7,43
14.513023423691527,0.4663,0.37918655521341416,0.38519127515489315,0.46630000000000005,0.0,0.0,0.0,0.0,0.662,0.297,0.85,0.955,0.947,0.952,8,43
10.529822901034127,0.4431,0.3723558775500887,0.43038543068603213,0.44309999999999994,0.0,0.0,0.0,0.0,0.063,0.534,0.97,0.94,0.953,0.971,9,43
19.951852975181115,0.5048,0.39987916436407467,0.3621885584536468,0.5048,0.929,0.976,0.449,0.849,0.845,1.0,0.0,0.0,0.0,0.0,10,43
30.766435687153486,0.5032,0.4001602346506056,0.36437328948358466,0.5032,0.888,0.949,0.447,0.856,0.893,0.999,0.0,0.0,0.0,0.0,11,43
16.415665722502688,0.5138,0.4086615260839376,0.3607838905593325,0.5138,0.933,0.973,0.655,0.804,0.773,1.0,0.0,0.0,0.0,0.0,12,43
17.093111751178583,0.5203,0.4135056551753918,0.3701191451034894,0.5203,0.94,0.96,0.573,0.861,0.869,1.0,0.0,0.0,0.0,0.0,13,43
17.37924176359329,0.4845,0.3669361164704748,0.36659153840449654,0.4845,0.926,0.974,0.182,0.878,0.885,1.0,0.0,0.0,0.0,0.0,14,43
17.026020918410428,0.5159,0.3950101499416266,0.36443333990177457,0.5159,0.406,0.91,0.954,0.925,0.0,0.0,0.0,0.0,0.966,0.998,0,44
17.345847810800084,0.5348,0.41403885745794017,0.36491289392722404,0.5347999999999999,0.604,0.904,0.945,0.925,0.0,0.0,0.0,0.0,0.973,0.997,1,44
18.262066173858155,0.5178,0.3965909098759536,0.3623411580450977,0.5178,0.433,0.902,0.951,0.918,0.0,0.0,0.0,0.0,0.977,0.997,2,44
12.784841295248404,0.4611,0.3895614407251401,0.38955462883375563,0.46109999999999995,0.0,0.0,0.0,0.0,0.307,0.493,0.939,0.931,0.97,0.971,3,44
10.922515890468805,0.4883,0.40673429683513784,0.3903144986670569,0.4883,0.0,0.0,0.0,0.0,0.534,0.556,0.92,0.938,0.968,0.967,4,44
13.02477028423224,0.4869,0.4124264524301694,0.40476543339545534,0.4869,0.0,0.0,0.0,0.0,0.527,0.53,0.93,0.975,0.965,0.942,5,44
19.807861029530486,0.4565,0.3710856076141374,0.3758660090711789,0.45649999999999996,0.0,0.0,0.0,0.0,0.505,0.312,0.884,0.952,0.958,0.954,6,44
23.237373117440807,0.4671,0.39392539474878563,0.3981008216545617,0.4671,0.0,0.0,0.0,0.0,0.554,0.394,0.872,0.95,0.947,0.954,7,44
14.706934325611249,0.4665,0.37933369170079495,0.38519886030793715,0.4665,0.0,0.0,0.0,0.0,0.664,0.298,0.85,0.954,0.947,0.952,8,44
11.621183244565044,0.4797,0.4172555577732681,0.4264511450407671,0.47969999999999996,0.0,0.0,0.0,0.0,0.439,0.555,0.941,0.919,0.96,0.983,9,44
16.832307059924823,0.5091,0.4062884894913784,0.3794257872641231,0.5091,0.954,0.968,0.422,0.861,0.886,1.0,0.0,0.0,0.0,0.0,10,44
30.97003538235308,0.5032,0.4001488143255064,0.36429563172397134,0.5032,0.888,0.949,0.447,0.856,0.893,0.999,0.0,0.0,0.0,0.0,11,44
16.837699168025495,0.5118,0.4060410588969659,0.3644886908755895,0.5118,0.933,0.975,0.512,0.838,0.86,1.0,0.0,0.0,0.0,0.0,12,44
16.146509298501304,0.5066,0.39760854863815787,0.36541787780323587,0.5065999999999999,0.864,0.961,0.43,0.891,0.921,0.999,0.0,0.0,0.0,0.0,13,44
16.36769575966052,0.4982,0.38586009378276803,0.3668818905152947,0.4981999999999999,0.914,0.97,0.299,0.909,0.89,1.0,0.0,0.0,0.0,0.0,14,44
17.152945110211355,0.5158,0.3948787433992412,0.3643625016531731,0.5158,0.405,0.91,0.954,0.925,0.0,0.0,0.0,0.0,0.966,0.998,0,45
17.446004607045232,0.5348,0.4140195554859812,0.36485354632178296,0.5347999999999999,0.604,0.904,0.945,0.925,0.0,0.0,0.0,0.0,0.973,0.997,1,45
18.39059297573833,0.5176,0.3964521674352396,0.36226475528846785,0.5176000000000001,0.433,0.901,0.951,0.918,0.0,0.0,0.0,0.0,0.976,0.997,2,45
9.436781107046352,0.5019,0.41751301159906085,0.3998841971553409,0.5019,0.0,0.0,0.0,0.0,0.751,0.536,0.849,0.944,0.971,0.968,3,45
9.156504263893103,0.5049,0.4244691145436663,0.40554557201272223,0.5049,0.0,0.0,0.0,0.0,0.672,0.597,0.89,0.947,0.974,0.969,4,45
8.828231841992265,0.4924,0.4217988592468929,0.4102898097522056,0.49240000000000006,0.0,0.0,0.0,0.0,0.512,0.632,0.93,0.913,0.964,0.973,5,45
20.085217588625778,0.4564,0.3711682031645788,0.3759383827743177,0.45640000000000003,0.0,0.0,0.0,0.0,0.502,0.313,0.884,0.952,0.958,0.955,6,45
23.45808567254307,0.4675,0.3943499925178172,0.3984428860438073,0.46749999999999997,0.0,0.0,0.0,0.0,0.555,0.395,0.872,0.952,0.947,0.954,7,45
14.890872836493836,0.4664,0.37922766175925415,0.38509090829239023,0.4664,0.0,0.0,0.0,0.0,0.664,0.298,0.85,0.953,0.947,0.952,8,45
13.793593252809664,0.4879,0.4221523310121646,0.42097313887454096,0.48789999999999994,0.0,0.0,0.0,0.0,0.483,0.584,0.94,0.97,0.954,0.948,9,45
17.138394920970686,0.508,0.4040214872834785,0.3645974296027399,0.508,0.931,0.973,0.493,0.843,0.84,1.0,0.0,0.0,0.0,0.0,10,45
31.159526498934714,0.503,0.39993290256093333,0.36420087138810475,0.5029999999999999,0.888,0.949,0.445,0.856,0.893,0.999,0.0,0.0,0.0,0.0,11,45
16.226955631670478,0.5077,0.4015671430439635,0.3664704026934627,0.5077,0.959,0.975,0.451,0.821,0.872,0.999,0.0,0.0,0.0,0.0,12,45
17.13525968313979,0.5136,0.4036848400411682,0.3618759907594508,0.5136000000000001,0.85,0.965,0.506,0.932,0.883,1.0,0.0,0.0,0.0,0.0,13,45
18.777128058119704,0.4911,0.377895037759613,0.3544785960330524,0.4911,0.9,0.979,0.283,0.83,0.919,1.0,0.0,0.0,0.0,0.0,14,45
17.26288667654458,0.5158,0.3948787433992412,0.3643625016531731,0.5158,0.405,0.91,0.954,0.925,0.0,0.0,0.0,0.0,0.966,0.998,0,46
17.54611912017432,0.5348,0.4140195554859812,0.36485354632178296,0.5347999999999999,0.604,0.904,0.945,0.925,0.0,0.0,0.0,0.0,0.973,0.997,1,46
18.513373950799814,0.5176,0.3964521674352396,0.36226475528846785,0.5176000000000001,0.433,0.901,0.951,0.918,0.0,0.0,0.0,0.0,0.976,0.997,2,46
12.54007101211304,0.4994,0.4138135172937819,0.3989167255630124,0.49940000000000007,0.0,0.0,0.0,0.0,0.747,0.503,0.86,0.954,0.969,0.961,3,46
8.854580598898208,0.4932,0.4107373597623802,0.3991977246864637,0.49319999999999997,0.0,0.0,0.0,0.0,0.665,0.49,0.902,0.948,0.965,0.962,4,46
8.416456790777822,0.4912,0.41436537876131474,0.4025018734848754,0.49119999999999997,0.0,0.0,0.0,0.0,0.57,0.546,0.914,0.969,0.967,0.946,5,46
20.338733663955054,0.456,0.3707077185424933,0.3756906781303804,0.45599999999999996,0.0,0.0,0.0,0.0,0.5,0.311,0.884,0.952,0.958,0.955,6,46
23.672424039139916,0.4673,0.3941264057273233,0.39848393738696386,0.4673,0.0,0.0,0.0,0.0,0.554,0.393,0.873,0.952,0.947,0.954,7,46
15.054579740896012,0.4663,0.37916696626164637,0.38505508282755596,0.46630000000000005,0.0,0.0,0.0,0.0,0.664,0.298,0.849,0.953,0.947,0.952,8,46
14.06236552430418,0.4935,0.426082637822217,0.42206747572370223,0.49349999999999994,0.0,0.0,0.0,0.0,0.553,0.58,0.926,0.975,0.957,0.944,9,46
18.34353648054714,0.5113,0.4069463773563305,0.3726315273645543,0.5113,0.936,0.968,0.456,0.879,0.874,1.0,0.0,0.0,0.0,0.0,10,46
31.34411395015046,0.503,0.39993290256093333,0.36420087138810475,0.5029999999999999,0.888,0.949,0.445,0.856,0.893,0.999,0.0,0.0,0.0,0.0,11,46
15.372918462600952,0.5172,0.40941919697191426,0.3585201946011548,0.5172,0.939,0.978,0.642,0.833,0.78,1.0,0.0,0.0,0.0,0.0,12,46
18.883855923296164,0.5217,0.4151377725078527,0.367415436450607,0.5217,0.872,0.964,0.616,0.891,0.874,1.0,0.0,0.0,0.0,0.0,13,46
20.169104734548746,0.4871,0.3718824184858804,0.36847801363121424,0.48710000000000003,0.916,0.975,0.22,0.896,0.864,1.0,0.0,0.0,0.0,0.0,14,46
17.370685618525496,0.5157,0.39475644351862665,0.3643064113271011,0.5157,0.404,0.91,0.954,0.925,0.0,0.0,0.0,0.0,0.966,0.998,0,47
17.637053317536182,0.5348,0.4140192624519095,0.3648533412326576,0.5347999999999999,0.604,0.904,0.945,0.925,0.0,0.0,0.0,0.0,0.973,0.997,1,47
18.622377944068788,0.5175,0.3963891597104586,0.3622235002917942,0.5175,0.433,0.901,0.951,0.917,0.0,0.0,0.0,0.0,0.976,0.997,2,47
11.700158867211387,0.4979,0.40957703072550655,0.3917054154032389,0.4978999999999999,0.0,0.0,0.0,0.0,0.743,0.506,0.843,0.95,0.975,0.962,3,47
12.935145050572892,0.5068,0.4315904355275812,0.41589766222905444,0.5068,0.0,0.0,0.0,0.0,0.659,0.629,0.911,0.948,0.964,0.957,4,47
8.99565059460771,0.4704,0.40257135265781274,0.40234104848487817,0.4704,0.0,0.0,0.0,0.0,0.337,0.549,0.959,0.964,0.945,0.95,5,47
20.57225291340496,0.4561,0.37075156263456427,0.37570030592132997,0.4561,0.0,0.0,0.0,0.0,0.501,0.311,0.884,0.952,0.958,0.955,6,47
23.859985768985442,0.4673,0.3940822995825364,0.3986418240384606,0.4673,0.0,0.0,0.0,0.0,0.555,0.391,0.873,0.953,0.947,0.954,7,47
15.214556934734503,0.466,0.37891581545401404,0.38481551754200943,0.466,0.0,0.0,0.0,0.0,0.664,0.298,0.848,0.951,0.947,0.952,8,47
10.60760384855179,0.4527,0.38541829785493437,0.3975539383037414,0.4527,0.0,0.0,0.0,0.0,0.25,0.467,0.968,0.967,0.919,0.956,9,47
19.084139635006842,0.512,0.40770080425306193,0.37196233435040593,0.5119999999999999,0.932,0.969,0.47,0.902,0.847,1.0,0.0,0.0,0.0,0.0,10,47
31.51731225400687,0.5032,0.40012807847540427,0.36419260132524134,0.5032,0.888,0.949,0.447,0.856,0.893,0.999,0.0,0.0,0.0,0.0,11,47
16.927034786334055,0.5162,0.4086896621001346,0.36110569061827097,0.5162,0.908,0.971,0.546,0.881,0.856,1.0,0.0,0.0,0.0,0.0,12,47
18.95933352339382,0.5173,0.409542300229801,0.3661800966613013,0.5173,0.875,0.955,0.541,0.922,0.88,1.0,0.0,0.0,0.0,0.0,13,47
18.709566765319043,0.4966,0.38571957064634094,0.36898897700184924,0.49659999999999993,0.913,0.971,0.3,0.906,0.876,1.0,0.0,0.0,0.0,0.0,14,47
17.47290616751479,0.5156,0.3946340252042639,0.3642502321275992,0.5156000000000001,0.403,0.91,0.954,0.925,0.0,0.0,0.0,0.0,0.966,0.998,0,48
17.731836606900153,0.5347,0.41391673566669696,0.3647921805617661,0.5347000000000001,0.603,0.904,0.945,0.925,0.0,0.0,0.0,0.0,0.973,0.997,1,48
18.73616456528441,0.5175,0.39640558510470886,0.3622493608605685,0.5175,0.433,0.901,0.951,0.917,0.0,0.0,0.0,0.0,0.976,0.997,2,48
13.255720671754295,0.502,0.41557925701974946,0.3999201314341809,0.502,0.0,0.0,0.0,0.0,0.767,0.51,0.857,0.956,0.969,0.961,3,48
11.360228608591488,0.4931,0.4058019368536738,0.3877651642660572,0.4931,0.0,0.0,0.0,0.0,0.643,0.516,0.887,0.953,0.974,0.958,4,48
12.162832491694928,0.48,0.4076848011791553,0.40404853941127,0.48,0.0,0.0,0.0,0.0,0.462,0.514,0.94,0.972,0.966,0.946,5,48
20.79672637915078,0.4561,0.3706505839816284,0.3756953866753784,0.4561,0.0,0.0,0.0,0.0,0.501,0.31,0.885,0.952,0.958,0.955,6,48
24.053543614884155,0.4671,0.39400656541165946,0.39868569073642873,0.4671,0.0,0.0,0.0,0.0,0.553,0.391,0.873,0.953,0.947,0.954,7,48
15.362238675260697,0.4661,0.3789648111173106,0.38485395307076375,0.46609999999999996,0.0,0.0,0.0,0.0,0.664,0.298,0.849,0.951,0.947,0.952,8,48
13.52013634721311,0.4888,0.42319841496169064,0.42201933931994595,0.4888,0.0,0.0,0.0,0.0,0.497,0.58,0.935,0.965,0.959,0.952,9,48
17.71760412831657,0.5144,0.4125264100175642,0.37915793345524584,0.5144,0.909,0.974,0.49,0.882,0.889,1.0,0.0,0.0,0.0,0.0,10,48
31.685940471320105,0.503,0.3999561422743506,0.3642958534093668,0.5029999999999999,0.888,0.949,0.445,0.856,0.893,0.999,0.0,0.0,0.0,0.0,11,48
15.784433977291608,0.5098,0.4035978860499435,0.3599353972936335,0.5098,0.95,0.968,0.521,0.818,0.841,1.0,0.0,0.0,0.0,0.0,12,48
19.293670980313333,0.5198,0.412182241503152,0.3673119286891898,0.5198,0.904,0.964,0.558,0.904,0.868,1.0,0.0,0.0,0.0,0.0,13,48
17.706676860967764,0.4881,0.3759366387726117,0.34971905682452104,0.48810000000000003,0.872,0.985,0.287,0.821,0.916,1.0,0.0,0.0,0.0,0.0,14,48
17.573934265599846,0.5156,0.3946482870666669,0.36441041343932457,0.5156000000000001,0.403,0.91,0.954,0.925,0.0,0.0,0.0,0.0,0.966,0.998,0,49
17.816969417535457,0.5348,0.4139876741370478,0.3647443441001966,0.5347999999999999,0.604,0.904,0.945,0.925,0.0,0.0,0.0,0.0,0.973,0.997,1,49
18.838489367939033,0.5176,0.3964681348963766,0.3622981657423442,0.5176000000000001,0.433,0.901,0.952,0.917,0.0,0.0,0.0,0.0,0.976,0.997,2,49
7.322325866443281,0.5055,0.4167477369197831,0.395415080093783,0.5055,0.0,0.0,0.0,0.0,0.766,0.553,0.848,0.951,0.974,0.963,3,49
9.805137269413128,0.4973,0.4127871126927408,0.39019165025219216,0.49729999999999996,0.0,0.0,0.0,0.0,0.605,0.604,0.889,0.933,0.968,0.974,4,49
13.198833599639014,0.489,0.411583262563882,0.40241965444208744,0.489,0.0,0.0,0.0,0.0,0.565,0.513,0.926,0.971,0.969,0.946,5,49
20.99229886051946,0.4562,0.3707322233656184,0.3757718229746968,0.45619999999999994,0.0,0.0,0.0,0.0,0.501,0.31,0.885,0.952,0.958,0.956,6,49
24.222680655531228,0.4673,0.39413828569473763,0.398804174594112,0.4673,0.0,0.0,0.0,0.0,0.555,0.391,0.874,0.953,0.947,0.953,7,49
15.505360469269677,0.466,0.37887797565925774,0.38477425782022556,0.466,0.0,0.0,0.0,0.0,0.664,0.298,0.849,0.95,0.947,0.952,8,49
13.507186885078113,0.4613,0.39429207795972754,0.4128907897075897,0.46129999999999993,0.0,0.0,0.0,0.0,0.412,0.403,0.945,0.922,0.951,0.98,9,49
19.432176888560335,0.5115,0.40962934585857347,0.3804410541262679,0.5115000000000001,0.938,0.974,0.463,0.849,0.891,1.0,0.0,0.0,0.0,0.0,10,49
31.841461955548855,0.503,0.3999248468619409,0.36411539347088634,0.5029999999999999,0.888,0.949,0.445,0.856,0.893,0.999,0.0,0.0,0.0,0.0,11,49
16.17909425363754,0.5181,0.4108951298187817,0.36426377369359797,0.5181,0.912,0.974,0.539,0.879,0.877,1.0,0.0,0.0,0.0,0.0,12,49
17.642886481726894,0.516,0.406756573757724,0.3647451663363047,0.516,0.909,0.958,0.513,0.882,0.898,1.0,0.0,0.0,0.0,0.0,13,49
19.594160500425883,0.4791,0.3557737577672357,0.3581229010331615,0.4791,0.903,0.969,0.129,0.928,0.863,0.999,0.0,0.0,0.0,0.0,14,49
